codice_atm;codice_filiale;stato;data_installazione
ATM-DEMO-0001;FIL001;Attivo;02/08/2024
ATM-DEMO-0002;FIL001;Attivo;18/06/2023
ATM-DEMO-0003;FIL001;Attivo;11/07/2024
ATM-DEMO-0004;FIL001;Attivo;23/01/2023
ATM-DEMO-0005;FIL001;Attivo;03/06/2024
ATM-DEMO-0006;FIL001;Attivo;10/03/2024
ATM-DEMO-0007;FIL001;Attivo;23/01/2024
ATM-DEMO-0008;FIL001;Attivo;12/02/2024
ATM-DEMO-0009;FIL001;Manutenzione;26/03/2024
ATM-DEMO-0010;FIL001;Fuori servizio;25/02/2023
ATM-DEMO-0011;FIL001;Attivo;03/10/2022
ATM-DEMO-0012;FIL001;Attivo;08/11/2022
ATM-DEMO-0013;FIL001;Attivo;07/12/2024
ATM-DEMO-0014;FIL001;Attivo;21/02/2024
ATM-DEMO-0015;FIL001;Attivo;02/08/2022
ATM-DEMO-0016;FIL001;Attivo;02/02/2023
ATM-DEMO-0017;FIL001;Attivo;03/07/2023
ATM-DEMO-0018;FIL001;Attivo;18/03/2024
ATM-DEMO-0019;FIL001;Manutenzione;23/03/2024
ATM-DEMO-0020;FIL001;Fuori servizio;30/01/2025
ATM-DEMO-0021;FIL001;Attivo;21/08/2023
ATM-DEMO-0022;FIL001;Attivo;23/04/2024
ATM-DEMO-0023;FIL001;Attivo;11/11/2024
ATM-DEMO-0024;FIL001;Attivo;20/09/2024
ATM-DEMO-0025;FIL001;Attivo;28/05/2023
ATM-DEMO-0026;FIL001;Attivo;24/01/2022
ATM-DEMO-0027;FIL001;Attivo;14/05/2023
ATM-DEMO-0028;FIL001;Attivo;18/09/2022
ATM-DEMO-0029;FIL001;Manutenzione;25/12/2024
ATM-DEMO-0030;FIL001;Fuori servizio;19/10/2022
ATM-DEMO-0031;FIL001;Attivo;26/05/2024
ATM-DEMO-0032;FIL001;Attivo;16/08/2022
ATM-DEMO-0033;FIL001;Attivo;10/05/2022
ATM-DEMO-0034;FIL001;Attivo;10/05/2024
ATM-DEMO-0035;FIL001;Attivo;07/04/2022
ATM-DEMO-0036;FIL001;Attivo;15/04/2023
ATM-DEMO-0037;FIL001;Attivo;06/04/2023
ATM-DEMO-0038;FIL001;Attivo;07/03/2023
ATM-DEMO-0039;FIL001;Manutenzione;09/05/2022
ATM-DEMO-0040;FIL001;Fuori servizio;15/03/2024
ATM-DEMO-0041;FIL001;Attivo;12/07/2022
ATM-DEMO-0042;FIL001;Attivo;04/08/2022
ATM-DEMO-0043;FIL001;Attivo;24/12/2022
ATM-DEMO-0044;FIL001;Attivo;11/05/2024
ATM-DEMO-0045;FIL001;Attivo;03/01/2025
ATM-DEMO-0046;FIL001;Attivo;14/11/2024
ATM-DEMO-0047;FIL001;Attivo;14/03/2023
ATM-DEMO-0048;FIL001;Attivo;03/12/2024
ATM-DEMO-0049;FIL001;Manutenzione;25/02/2024
ATM-DEMO-0050;FIL001;Fuori servizio;18/11/2023
ATM-DEMO-0051;FIL001;Attivo;26/05/2022
ATM-DEMO-0052;FIL001;Attivo;30/06/2024
ATM-DEMO-0053;FIL001;Attivo;11/11/2022
ATM-DEMO-0054;FIL001;Attivo;15/02/2023
ATM-DEMO-0055;FIL001;Attivo;21/10/2023
ATM-DEMO-0056;FIL001;Attivo;06/11/2023
ATM-DEMO-0057;FIL001;Attivo;10/01/2022
ATM-DEMO-0058;FIL001;Attivo;11/03/2024
ATM-DEMO-0059;FIL001;Manutenzione;20/09/2023
ATM-DEMO-0060;FIL001;Fuori servizio;12/07/2023
ATM-DEMO-0061;FIL001;Attivo;26/07/2022
ATM-DEMO-0062;FIL001;Attivo;22/05/2022
ATM-DEMO-0063;FIL001;Attivo;15/09/2022
ATM-DEMO-0064;FIL001;Attivo;03/10/2023
ATM-DEMO-0065;FIL001;Attivo;05/10/2024
ATM-DEMO-0066;FIL001;Attivo;21/11/2022
ATM-DEMO-0067;FIL001;Attivo;08/07/2023
ATM-DEMO-0068;FIL001;Attivo;24/08/2024
ATM-DEMO-0069;FIL001;Manutenzione;21/05/2024
ATM-DEMO-0070;FIL001;Fuori servizio;03/10/2022
ATM-DEMO-0071;FIL001;Attivo;03/11/2024
ATM-DEMO-0072;FIL001;Attivo;09/03/2022
ATM-DEMO-0073;FIL001;Attivo;04/01/2024
ATM-DEMO-0074;FIL001;Attivo;26/12/2022
ATM-DEMO-0075;FIL001;Attivo;20/06/2022
ATM-DEMO-0076;FIL001;Attivo;15/08/2023
ATM-DEMO-0077;FIL001;Attivo;04/09/2023
ATM-DEMO-0078;FIL001;Attivo;15/09/2024
ATM-DEMO-0079;FIL001;Manutenzione;13/02/2024
ATM-DEMO-0080;FIL001;Fuori servizio;25/09/2022
ATM-DEMO-0081;FIL001;Attivo;16/02/2025
ATM-DEMO-0082;FIL001;Attivo;02/09/2022
ATM-DEMO-0083;FIL001;Attivo;12/03/2024
ATM-DEMO-0084;FIL001;Attivo;13/08/2024
ATM-DEMO-0085;FIL001;Attivo;22/03/2023
ATM-DEMO-0086;FIL001;Attivo;14/08/2024
ATM-DEMO-0087;FIL001;Attivo;23/06/2024
ATM-DEMO-0088;FIL001;Attivo;12/09/2024
ATM-DEMO-0089;FIL001;Manutenzione;15/09/2024
ATM-DEMO-0090;FIL001;Fuori servizio;04/01/2024
ATM-DEMO-0091;FIL001;Attivo;04/06/2022
ATM-DEMO-0092;FIL001;Attivo;24/03/2022
ATM-DEMO-0093;FIL001;Attivo;26/06/2022
ATM-DEMO-0094;FIL001;Attivo;25/02/2024
ATM-DEMO-0095;FIL001;Attivo;31/10/2023
ATM-DEMO-0096;FIL001;Attivo;27/08/2023
ATM-DEMO-0097;FIL001;Attivo;29/04/2023
ATM-DEMO-0098;FIL001;Attivo;22/07/2024
ATM-DEMO-0099;FIL001;Manutenzione;05/11/2023
ATM-DEMO-0100;FIL001;Fuori servizio;12/05/2023
ATM-DEMO-0101;FIL001;Attivo;13/10/2022
ATM-DEMO-0102;FIL001;Attivo;18/07/2024
ATM-DEMO-0103;FIL001;Attivo;20/04/2023
ATM-DEMO-0104;FIL001;Attivo;20/08/2023
ATM-DEMO-0105;FIL001;Attivo;26/06/2024
ATM-DEMO-0106;FIL001;Attivo;16/10/2024
ATM-DEMO-0107;FIL001;Attivo;10/07/2022
ATM-DEMO-0108;FIL001;Attivo;04/03/2023
ATM-DEMO-0109;FIL001;Manutenzione;12/07/2022
ATM-DEMO-0110;FIL001;Fuori servizio;05/03/2022
ATM-DEMO-0111;FIL001;Attivo;16/02/2025
ATM-DEMO-0112;FIL001;Attivo;10/06/2024
ATM-DEMO-0113;FIL001;Attivo;15/12/2023
ATM-DEMO-0114;FIL001;Attivo;21/12/2022
ATM-DEMO-0115;FIL001;Attivo;10/10/2023
ATM-DEMO-0116;FIL001;Attivo;13/01/2025
ATM-DEMO-0117;FIL001;Attivo;29/08/2024
ATM-DEMO-0118;FIL001;Attivo;02/06/2022
ATM-DEMO-0119;FIL001;Manutenzione;19/04/2023
ATM-DEMO-0120;FIL001;Fuori servizio;19/08/2023
ATM-DEMO-0121;FIL001;Attivo;18/06/2023
ATM-DEMO-0122;FIL001;Attivo;04/06/2022
ATM-DEMO-0123;FIL001;Attivo;14/04/2024
ATM-DEMO-0124;FIL001;Attivo;29/07/2024
ATM-DEMO-0125;FIL001;Attivo;20/02/2025
ATM-DEMO-0126;FIL001;Attivo;24/10/2022
ATM-DEMO-0127;FIL001;Attivo;06/07/2022
ATM-DEMO-0128;FIL001;Attivo;25/04/2022
ATM-DEMO-0129;FIL001;Manutenzione;27/01/2025
ATM-DEMO-0130;FIL001;Fuori servizio;10/12/2023
ATM-DEMO-0131;FIL001;Attivo;16/12/2022
ATM-DEMO-0132;FIL001;Attivo;30/10/2023
ATM-DEMO-0133;FIL001;Attivo;17/02/2022
ATM-DEMO-0134;FIL001;Attivo;27/02/2024
ATM-DEMO-0135;FIL001;Attivo;07/08/2022
ATM-DEMO-0136;FIL001;Attivo;11/10/2022
ATM-DEMO-0137;FIL001;Attivo;13/01/2023
ATM-DEMO-0138;FIL001;Attivo;27/01/2022
ATM-DEMO-0139;FIL001;Manutenzione;18/10/2022
ATM-DEMO-0140;FIL001;Fuori servizio;22/12/2022
ATM-DEMO-0141;FIL001;Attivo;05/02/2024
ATM-DEMO-0142;FIL001;Attivo;01/09/2022
ATM-DEMO-0143;FIL001;Attivo;03/02/2025
ATM-DEMO-0144;FIL001;Attivo;15/10/2023
ATM-DEMO-0145;FIL001;Attivo;29/08/2022
ATM-DEMO-0146;FIL001;Attivo;11/11/2022
ATM-DEMO-0147;FIL001;Attivo;15/06/2022
ATM-DEMO-0148;FIL001;Attivo;18/10/2023
ATM-DEMO-0149;FIL001;Manutenzione;11/03/2023
ATM-DEMO-0150;FIL001;Fuori servizio;08/12/2024
ATM-DEMO-0151;FIL001;Attivo;29/06/2023
ATM-DEMO-0152;FIL001;Attivo;19/11/2023
ATM-DEMO-0153;FIL001;Attivo;19/07/2022
ATM-DEMO-0154;FIL001;Attivo;21/07/2022
ATM-DEMO-0155;FIL001;Attivo;18/08/2024
ATM-DEMO-0156;FIL001;Attivo;25/07/2022
ATM-DEMO-0157;FIL001;Attivo;09/07/2022
ATM-DEMO-0158;FIL001;Attivo;01/07/2023
ATM-DEMO-0159;FIL001;Manutenzione;01/11/2023
ATM-DEMO-0160;FIL001;Fuori servizio;20/08/2023
ATM-DEMO-0161;FIL001;Attivo;27/10/2024
ATM-DEMO-0162;FIL001;Attivo;19/04/2022
ATM-DEMO-0163;FIL001;Attivo;09/02/2025
ATM-DEMO-0164;FIL001;Attivo;08/06/2024
ATM-DEMO-0165;FIL001;Attivo;31/07/2024
ATM-DEMO-0166;FIL001;Attivo;24/06/2022
ATM-DEMO-0167;FIL001;Attivo;01/05/2024
ATM-DEMO-0168;FIL001;Attivo;27/08/2023
ATM-DEMO-0169;FIL001;Manutenzione;29/08/2024
ATM-DEMO-0170;FIL001;Fuori servizio;01/02/2024
ATM-DEMO-0171;FIL001;Attivo;21/08/2023
ATM-DEMO-0172;FIL001;Attivo;31/12/2022
ATM-DEMO-0173;FIL001;Attivo;12/01/2025
ATM-DEMO-0174;FIL001;Attivo;21/10/2024
ATM-DEMO-0175;FIL001;Attivo;12/12/2022
ATM-DEMO-0176;FIL001;Attivo;05/02/2023
ATM-DEMO-0177;FIL001;Attivo;15/08/2022
ATM-DEMO-0178;FIL001;Attivo;06/12/2024
ATM-DEMO-0179;FIL001;Manutenzione;10/05/2024
ATM-DEMO-0180;FIL001;Fuori servizio;26/09/2024
ATM-DEMO-0181;FIL001;Attivo;20/04/2022
ATM-DEMO-0182;FIL001;Attivo;11/12/2023
ATM-DEMO-0183;FIL001;Attivo;09/10/2024
ATM-DEMO-0184;FIL001;Attivo;29/12/2022
ATM-DEMO-0185;FIL001;Attivo;16/09/2023
ATM-DEMO-0186;FIL001;Attivo;12/11/2024
ATM-DEMO-0187;FIL001;Attivo;20/09/2024
ATM-DEMO-0188;FIL001;Attivo;25/01/2024
ATM-DEMO-0189;FIL001;Manutenzione;10/08/2023
ATM-DEMO-0190;FIL001;Fuori servizio;04/07/2024
ATM-DEMO-0191;FIL001;Attivo;03/06/2023
ATM-DEMO-0192;FIL001;Attivo;19/12/2023
ATM-DEMO-0193;FIL001;Attivo;18/02/2025
ATM-DEMO-0194;FIL001;Attivo;30/01/2025
ATM-DEMO-0195;FIL001;Attivo;14/07/2022
ATM-DEMO-0196;FIL001;Attivo;28/06/2022
ATM-DEMO-0197;FIL001;Attivo;12/06/2022
ATM-DEMO-0198;FIL001;Attivo;08/04/2024
ATM-DEMO-0199;FIL001;Manutenzione;27/08/2022
ATM-DEMO-0200;FIL001;Fuori servizio;11/01/2024
