numero_cliente;nome;cognome;codice_fiscale;recapito;email;data_nascita;citta;data_registrazione;segmento
10001;Matteo;Rizzo;TESTCL0000000001;000001000001;cliente.demo.0001@example.com;03/06/1968;Lecce;23/10/2024;Standard
10002;Andrea;Moretti;TESTCL0000000002;000001000002;cliente.demo.0002@example.com;18/05/1981;Parma;18/03/2024;Premium
10003;Alessandro;Gentile;TESTCL0000000003;000001000003;cliente.demo.0003@example.com;19/04/1987;Palermo;21/08/2024;Business
10004;Giulia;Longo;TESTCL0000000004;000001000004;cliente.demo.0004@example.com;27/07/1991;Genova;31/10/2024;Standard
10005;Sara;Leone;TESTCL0000000005;000001000005;cliente.demo.0005@example.com;21/07/1994;Pisa;02/05/2024;Premium
10006;Alessandro;Gentile;TESTCL0000000006;000001000006;cliente.demo.0006@example.com;22/09/1987;Genova;16/03/2024;Business
10007;Alice;Gentile;TESTCL0000000007;000001000007;cliente.demo.0007@example.com;24/05/1965;Firenze;11/08/2024;Standard
10008;Sara;Marino;TESTCL0000000008;000001000008;cliente.demo.0008@example.com;22/09/1981;Catania;23/11/2024;Premium
10009;Giulia;Serra;TESTCL0000000009;000001000009;cliente.demo.0009@example.com;02/06/1975;Perugia;02/08/2024;Business
10010;Alice;Caruso;TESTCL0000000010;000001000010;cliente.demo.0010@example.com;13/06/1974;Lecce;24/06/2024;Standard
10011;Stefano;Santoro;TESTCL0000000011;000001000011;cliente.demo.0011@example.com;12/12/1962;Firenze;14/08/2024;Premium
10012;Stefano;Leone;TESTCL0000000012;000001000012;cliente.demo.0012@example.com;15/10/1983;Salerno;05/06/2024;Business
10013;Alessandro;Mancini;TESTCL0000000013;000001000013;cliente.demo.0013@example.com;28/01/1967;Torino;03/08/2024;Standard
10014;Luca;Moretti;TESTCL0000000014;000001000014;cliente.demo.0014@example.com;16/10/1988;Milano;22/10/2024;Premium
10015;Nicola;Santoro;TESTCL0000000015;000001000015;cliente.demo.0015@example.com;26/11/1990;Siena;12/12/2024;Business
10016;Silvia;Ricci;TESTCL0000000016;000001000016;cliente.demo.0016@example.com;27/09/1981;Bologna;26/06/2024;Standard
10017;Anna;Mancini;TESTCL0000000017;000001000017;cliente.demo.0017@example.com;17/11/1981;Napoli;04/03/2024;Premium
10018;Nicola;Fontana;TESTCL0000000018;000001000018;cliente.demo.0018@example.com;23/01/1970;Bologna;14/12/2024;Business
10019;Luca;Greco;TESTCL0000000019;000001000019;cliente.demo.0019@example.com;08/05/1979;Roma;24/06/2024;Standard
10020;Giorgio;Serra;TESTCL0000000020;000001000020;cliente.demo.0020@example.com;23/04/1965;Genova;29/04/2024;Premium
10021;Francesco;Romano;TESTCL0000000021;000001000021;cliente.demo.0021@example.com;04/07/1995;Padova;07/06/2024;Business
10022;Beatrice;Fontana;TESTCL0000000022;000001000022;cliente.demo.0022@example.com;28/03/1975;Torino;18/06/2024;Standard
10023;Alice;Gallo;TESTCL0000000023;000001000023;cliente.demo.0023@example.com;12/03/1961;Catania;26/10/2024;Premium
10024;Martina;Barbieri;TESTCL0000000024;000001000024;cliente.demo.0024@example.com;05/07/1963;Catania;05/06/2024;Business
10025;Stefano;Palmieri;TESTCL0000000025;000001000025;cliente.demo.0025@example.com;26/01/1989;Parma;17/06/2024;Standard
10026;Irene;Mancini;TESTCL0000000026;000001000026;cliente.demo.0026@example.com;11/09/1980;Bologna;23/03/2024;Premium
10027;Sara;Martini;TESTCL0000000027;000001000027;cliente.demo.0027@example.com;11/09/1985;Catania;02/07/2024;Business
10028;Davide;Santoro;TESTCL0000000028;000001000028;cliente.demo.0028@example.com;19/06/2000;Palermo;24/08/2024;Standard
10029;Beatrice;Rossi;TESTCL0000000029;000001000029;cliente.demo.0029@example.com;26/05/1985;Salerno;27/11/2024;Premium
10030;Nicola;Bianchi;TESTCL0000000030;000001000030;cliente.demo.0030@example.com;15/10/1977;Pisa;15/09/2024;Business
10031;Paolo;Barbieri;TESTCL0000000031;000001000031;cliente.demo.0031@example.com;17/01/1981;Genova;02/07/2024;Standard
10032;Alice;Rossi;TESTCL0000000032;000001000032;cliente.demo.0032@example.com;11/09/1981;Lecce;03/03/2024;Premium
10033;Stefano;Longo;TESTCL0000000033;000001000033;cliente.demo.0033@example.com;09/06/1983;Catania;29/03/2024;Business
10034;Simone;Gentile;TESTCL0000000034;000001000034;cliente.demo.0034@example.com;16/07/1966;Pisa;07/04/2024;Standard
10035;Sara;Bianchi;TESTCL0000000035;000001000035;cliente.demo.0035@example.com;01/10/1973;Bologna;07/07/2024;Premium
10036;Anna;Costa;TESTCL0000000036;000001000036;cliente.demo.0036@example.com;16/10/1997;Pisa;13/10/2024;Business
10037;Martina;Martini;TESTCL0000000037;000001000037;cliente.demo.0037@example.com;21/12/1998;Torino;10/06/2024;Standard
10038;Filippo;Vitale;TESTCL0000000038;000001000038;cliente.demo.0038@example.com;06/05/1962;Bologna;03/04/2024;Premium
10039;Alessandro;Caruso;TESTCL0000000039;000001000039;cliente.demo.0039@example.com;21/09/1977;Milano;05/05/2024;Business
10040;Giulia;Mancini;TESTCL0000000040;000001000040;cliente.demo.0040@example.com;27/03/1991;Verona;26/12/2024;Standard
10041;Alice;De Luca;TESTCL0000000041;000001000041;cliente.demo.0041@example.com;20/02/1974;Lecce;03/09/2024;Premium
10042;Simone;Barbieri;TESTCL0000000042;000001000042;cliente.demo.0042@example.com;28/04/1979;Bologna;07/06/2024;Business
10043;Beatrice;Gentile;TESTCL0000000043;000001000043;cliente.demo.0043@example.com;28/05/1984;Catania;07/08/2024;Standard
10044;Silvia;Fiore;TESTCL0000000044;000001000044;cliente.demo.0044@example.com;22/06/1970;Venezia;20/12/2024;Premium
10045;Matteo;Colombo;TESTCL0000000045;000001000045;cliente.demo.0045@example.com;09/12/1993;Siena;28/10/2024;Business
10046;Sofia;Ferri;TESTCL0000000046;000001000046;cliente.demo.0046@example.com;11/02/1984;Genova;16/09/2024;Standard
10047;Federica;Martini;TESTCL0000000047;000001000047;cliente.demo.0047@example.com;25/08/1964;Genova;16/05/2024;Premium
10048;Filippo;Barbieri;TESTCL0000000048;000001000048;cliente.demo.0048@example.com;15/11/1979;Catania;13/12/2024;Business
10049;Anna;Ricci;TESTCL0000000049;000001000049;cliente.demo.0049@example.com;28/09/1998;Perugia;10/07/2024;Standard
10050;Giorgio;Moretti;TESTCL0000000050;000001000050;cliente.demo.0050@example.com;27/02/2003;Pisa;28/06/2024;Premium
10051;Marta;Palmieri;TESTCL0000000051;000001000051;cliente.demo.0051@example.com;04/09/1984;Siena;28/04/2024;Business
10052;Francesco;Ferri;TESTCL0000000052;000001000052;cliente.demo.0052@example.com;28/02/1991;Siena;07/03/2024;Standard
10053;Pietro;Serra;TESTCL0000000053;000001000053;cliente.demo.0053@example.com;28/09/1993;Milano;26/03/2024;Premium
10054;Filippo;Romano;TESTCL0000000054;000001000054;cliente.demo.0054@example.com;14/06/1976;Milano;29/11/2024;Business
10055;Beatrice;Palmieri;TESTCL0000000055;000001000055;cliente.demo.0055@example.com;05/04/1977;Milano;14/05/2024;Standard
10056;Martina;De Luca;TESTCL0000000056;000001000056;cliente.demo.0056@example.com;10/01/1994;Milano;10/06/2024;Premium
10057;Chiara;Rossi;TESTCL0000000057;000001000057;cliente.demo.0057@example.com;07/12/1969;Firenze;21/09/2024;Business
10058;Davide;Caruso;TESTCL0000000058;000001000058;cliente.demo.0058@example.com;18/12/1989;Salerno;15/10/2024;Standard
10059;Sara;Ricci;TESTCL0000000059;000001000059;cliente.demo.0059@example.com;12/12/1964;Padova;14/03/2024;Premium
10060;Alice;Caruso;TESTCL0000000060;000001000060;cliente.demo.0060@example.com;12/02/2000;Milano;29/04/2024;Business
10061;Valentina;Gentile;TESTCL0000000061;000001000061;cliente.demo.0061@example.com;26/11/1967;Padova;09/10/2024;Standard
10062;Giulia;Ricci;TESTCL0000000062;000001000062;cliente.demo.0062@example.com;24/03/1973;Milano;18/05/2024;Premium
10063;Federica;Colombo;TESTCL0000000063;000001000063;cliente.demo.0063@example.com;01/09/1984;Lecce;23/08/2024;Business
10064;Marta;Serra;TESTCL0000000064;000001000064;cliente.demo.0064@example.com;23/06/1994;Palermo;30/10/2024;Standard
10065;Roberto;Fontana;TESTCL0000000065;000001000065;cliente.demo.0065@example.com;19/05/1975;Livorno;03/07/2024;Premium
10066;Roberto;Marino;TESTCL0000000066;000001000066;cliente.demo.0066@example.com;11/02/1960;Siena;20/03/2024;Business
10067;Matteo;Leone;TESTCL0000000067;000001000067;cliente.demo.0067@example.com;02/05/1993;Livorno;26/05/2024;Standard
10068;Alessandro;Gallo;TESTCL0000000068;000001000068;cliente.demo.0068@example.com;18/07/1964;Verona;07/11/2024;Premium
10069;Sofia;Gentile;TESTCL0000000069;000001000069;cliente.demo.0069@example.com;06/05/1997;Siena;07/07/2024;Business
10070;Giorgio;Rossi;TESTCL0000000070;000001000070;cliente.demo.0070@example.com;22/03/1973;Torino;25/07/2024;Standard
10071;Alessandro;Gallo;TESTCL0000000071;000001000071;cliente.demo.0071@example.com;17/06/1964;Verona;24/12/2024;Premium
10072;Paolo;Costa;TESTCL0000000072;000001000072;cliente.demo.0072@example.com;03/03/1988;Padova;07/07/2024;Business
10073;Andrea;Martini;TESTCL0000000073;000001000073;cliente.demo.0073@example.com;12/09/1997;Napoli;21/04/2024;Standard
10074;Marta;Bianchi;TESTCL0000000074;000001000074;cliente.demo.0074@example.com;09/07/1968;Perugia;30/06/2024;Premium
10075;Luca;Bianchi;TESTCL0000000075;000001000075;cliente.demo.0075@example.com;11/01/2003;Perugia;03/05/2024;Business
10076;Elena;Santoro;TESTCL0000000076;000001000076;cliente.demo.0076@example.com;12/10/1980;Verona;04/12/2024;Standard
10077;Giulia;Ferri;TESTCL0000000077;000001000077;cliente.demo.0077@example.com;21/10/1999;Padova;11/04/2024;Premium
10078;Filippo;Santoro;TESTCL0000000078;000001000078;cliente.demo.0078@example.com;19/01/1991;Firenze;07/12/2024;Business
10079;Giulia;Moretti;TESTCL0000000079;000001000079;cliente.demo.0079@example.com;04/01/1968;Siena;30/06/2024;Standard
10080;Matteo;Fiore;TESTCL0000000080;000001000080;cliente.demo.0080@example.com;10/08/1973;Catania;10/07/2024;Premium
10081;Simone;Ferrari;TESTCL0000000081;000001000081;cliente.demo.0081@example.com;04/09/1963;Parma;07/11/2024;Business
10082;Sara;Leone;TESTCL0000000082;000001000082;cliente.demo.0082@example.com;01/08/1973;Perugia;20/04/2024;Standard
10083;Alice;Marino;TESTCL0000000083;000001000083;cliente.demo.0083@example.com;25/12/1961;Milano;06/09/2024;Premium
10084;Federica;Rizzo;TESTCL0000000084;000001000084;cliente.demo.0084@example.com;23/09/1977;Perugia;19/04/2024;Business
10085;Sofia;Gallo;TESTCL0000000085;000001000085;cliente.demo.0085@example.com;05/12/1968;Perugia;05/07/2024;Standard
10086;Federica;Conti;TESTCL0000000086;000001000086;cliente.demo.0086@example.com;20/07/1996;Pisa;13/04/2024;Premium
10087;Martina;Marino;TESTCL0000000087;000001000087;cliente.demo.0087@example.com;19/04/1981;Livorno;26/10/2024;Business
10088;Sofia;Romano;TESTCL0000000088;000001000088;cliente.demo.0088@example.com;25/10/1960;Lecce;27/07/2024;Standard
10089;Davide;Greco;TESTCL0000000089;000001000089;cliente.demo.0089@example.com;06/04/1964;Padova;11/09/2024;Premium
10090;Paolo;Greco;TESTCL0000000090;000001000090;cliente.demo.0090@example.com;17/03/1965;Palermo;08/05/2024;Business
10091;Filippo;Gallo;TESTCL0000000091;000001000091;cliente.demo.0091@example.com;12/12/1985;Catania;20/05/2024;Standard
10092;Giulia;Mancini;TESTCL0000000092;000001000092;cliente.demo.0092@example.com;09/05/1991;Pisa;15/10/2024;Premium
10093;Francesco;Longo;TESTCL0000000093;000001000093;cliente.demo.0093@example.com;21/11/1974;Genova;15/11/2024;Business
10094;Alice;Esposito;TESTCL0000000094;000001000094;cliente.demo.0094@example.com;13/01/1976;Firenze;26/05/2024;Standard
10095;Alice;Moretti;TESTCL0000000095;000001000095;cliente.demo.0095@example.com;18/11/1978;Verona;13/08/2024;Premium
10096;Sara;Ferri;TESTCL0000000096;000001000096;cliente.demo.0096@example.com;17/10/1969;Catania;23/12/2024;Business
10097;Valentina;Esposito;TESTCL0000000097;000001000097;cliente.demo.0097@example.com;12/04/1999;Verona;02/06/2024;Standard
10098;Paolo;Moretti;TESTCL0000000098;000001000098;cliente.demo.0098@example.com;25/07/1982;Parma;01/10/2024;Premium
10099;Giorgio;Greco;TESTCL0000000099;000001000099;cliente.demo.0099@example.com;21/04/2002;Padova;31/08/2024;Business
10100;Simone;Rossi;TESTCL0000000100;000001000100;cliente.demo.0100@example.com;24/09/1965;Palermo;04/11/2024;Standard
10101;Anna;Caruso;TESTCL0000000101;000001000101;cliente.demo.0101@example.com;27/07/1993;Roma;13/03/2024;Premium
10102;Anna;Leone;TESTCL0000000102;000001000102;cliente.demo.0102@example.com;11/10/1961;Genova;17/06/2024;Business
10103;Sofia;Romano;TESTCL0000000103;000001000103;cliente.demo.0103@example.com;01/03/1962;Firenze;29/05/2024;Standard
10104;Chiara;Ricci;TESTCL0000000104;000001000104;cliente.demo.0104@example.com;26/08/1997;Verona;23/07/2024;Premium
10105;Martina;Santoro;TESTCL0000000105;000001000105;cliente.demo.0105@example.com;23/07/1965;Roma;21/10/2024;Business
10106;Federica;Greco;TESTCL0000000106;000001000106;cliente.demo.0106@example.com;14/08/1974;Napoli;08/07/2024;Standard
10107;Sara;Vitale;TESTCL0000000107;000001000107;cliente.demo.0107@example.com;26/08/1977;Bari;09/06/2024;Premium
10108;Silvia;Leone;TESTCL0000000108;000001000108;cliente.demo.0108@example.com;18/02/1993;Lecce;02/03/2024;Business
10109;Laura;Romano;TESTCL0000000109;000001000109;cliente.demo.0109@example.com;25/08/1970;Lecce;27/05/2024;Standard
10110;Chiara;Rizzo;TESTCL0000000110;000001000110;cliente.demo.0110@example.com;19/10/1987;Roma;18/05/2024;Premium
10111;Matteo;Rossi;TESTCL0000000111;000001000111;cliente.demo.0111@example.com;17/12/2001;Parma;15/09/2024;Business
10112;Francesco;Conti;TESTCL0000000112;000001000112;cliente.demo.0112@example.com;14/08/1971;Parma;02/03/2024;Standard
10113;Silvia;Serra;TESTCL0000000113;000001000113;cliente.demo.0113@example.com;03/03/1981;Bologna;25/11/2024;Premium
10114;Martina;Moretti;TESTCL0000000114;000001000114;cliente.demo.0114@example.com;12/11/1986;Bari;27/07/2024;Business
10115;Giulia;Ferrari;TESTCL0000000115;000001000115;cliente.demo.0115@example.com;01/02/1982;Firenze;11/05/2024;Standard
10116;Elena;Fiore;TESTCL0000000116;000001000116;cliente.demo.0116@example.com;05/01/1963;Pisa;23/08/2024;Premium
10117;Marta;Vitale;TESTCL0000000117;000001000117;cliente.demo.0117@example.com;26/04/1990;Venezia;01/10/2024;Business
10118;Roberto;Moretti;TESTCL0000000118;000001000118;cliente.demo.0118@example.com;09/10/1961;Bologna;05/05/2024;Standard
10119;Silvia;Palmieri;TESTCL0000000119;000001000119;cliente.demo.0119@example.com;10/11/2001;Bologna;05/08/2024;Premium
10120;Federica;Romano;TESTCL0000000120;000001000120;cliente.demo.0120@example.com;23/02/1996;Catania;22/07/2024;Business
10121;Silvia;Gallo;TESTCL0000000121;000001000121;cliente.demo.0121@example.com;14/08/1960;Torino;25/05/2024;Standard
10122;Francesco;Conti;TESTCL0000000122;000001000122;cliente.demo.0122@example.com;16/02/1981;Parma;20/10/2024;Premium
10123;Sara;Rizzo;TESTCL0000000123;000001000123;cliente.demo.0123@example.com;16/05/1999;Venezia;16/10/2024;Business
10124;Davide;Gallo;TESTCL0000000124;000001000124;cliente.demo.0124@example.com;03/03/1993;Bari;08/03/2024;Standard
10125;Andrea;Rizzo;TESTCL0000000125;000001000125;cliente.demo.0125@example.com;24/10/1985;Perugia;01/10/2024;Premium
10126;Silvia;Costa;TESTCL0000000126;000001000126;cliente.demo.0126@example.com;23/10/1982;Bari;05/10/2024;Business
10127;Stefano;Bruno;TESTCL0000000127;000001000127;cliente.demo.0127@example.com;17/09/1966;Salerno;22/06/2024;Standard
10128;Giorgio;Leone;TESTCL0000000128;000001000128;cliente.demo.0128@example.com;14/09/1973;Siena;11/05/2024;Premium
10129;Simone;Fiore;TESTCL0000000129;000001000129;cliente.demo.0129@example.com;21/10/2002;Padova;06/12/2024;Business
10130;Marco;Serra;TESTCL0000000130;000001000130;cliente.demo.0130@example.com;15/06/1975;Genova;12/11/2024;Standard
10131;Andrea;Rizzo;TESTCL0000000131;000001000131;cliente.demo.0131@example.com;06/01/1975;Salerno;25/10/2024;Premium
10132;Francesco;Gentile;TESTCL0000000132;000001000132;cliente.demo.0132@example.com;06/10/1984;Napoli;05/11/2024;Business
10133;Nicola;Romano;TESTCL0000000133;000001000133;cliente.demo.0133@example.com;14/12/1973;Livorno;31/03/2024;Standard
10134;Giulia;Serra;TESTCL0000000134;000001000134;cliente.demo.0134@example.com;28/06/2000;Torino;11/09/2024;Premium
10135;Anna;Longo;TESTCL0000000135;000001000135;cliente.demo.0135@example.com;11/10/1972;Milano;20/03/2024;Business
10136;Marco;Moretti;TESTCL0000000136;000001000136;cliente.demo.0136@example.com;21/10/1963;Palermo;01/12/2024;Standard
10137;Stefano;Palmieri;TESTCL0000000137;000001000137;cliente.demo.0137@example.com;27/07/2001;Genova;06/03/2024;Premium
10138;Matteo;Leone;TESTCL0000000138;000001000138;cliente.demo.0138@example.com;18/12/1971;Roma;14/05/2024;Business
10139;Chiara;Leone;TESTCL0000000139;000001000139;cliente.demo.0139@example.com;01/12/1972;Pisa;18/10/2024;Standard
10140;Giorgio;Esposito;TESTCL0000000140;000001000140;cliente.demo.0140@example.com;24/06/1970;Milano;06/04/2024;Premium
10141;Martina;De Luca;TESTCL0000000141;000001000141;cliente.demo.0141@example.com;13/11/1987;Venezia;10/04/2024;Business
10142;Luca;Marino;TESTCL0000000142;000001000142;cliente.demo.0142@example.com;01/11/1997;Napoli;01/03/2024;Standard
10143;Sara;Caruso;TESTCL0000000143;000001000143;cliente.demo.0143@example.com;21/08/1972;Firenze;19/04/2024;Premium
10144;Irene;Conti;TESTCL0000000144;000001000144;cliente.demo.0144@example.com;17/01/1991;Livorno;17/05/2024;Business
10145;Paolo;Mancini;TESTCL0000000145;000001000145;cliente.demo.0145@example.com;02/12/1990;Palermo;10/12/2024;Standard
10146;Irene;Bruno;TESTCL0000000146;000001000146;cliente.demo.0146@example.com;03/02/1968;Perugia;13/09/2024;Premium
10147;Pietro;Costa;TESTCL0000000147;000001000147;cliente.demo.0147@example.com;17/05/1964;Venezia;31/07/2024;Business
10148;Martina;Ferri;TESTCL0000000148;000001000148;cliente.demo.0148@example.com;07/07/1966;Verona;23/12/2024;Standard
10149;Paolo;Ferrari;TESTCL0000000149;000001000149;cliente.demo.0149@example.com;24/05/2003;Verona;21/08/2024;Premium
10150;Simone;Longo;TESTCL0000000150;000001000150;cliente.demo.0150@example.com;17/08/1974;Livorno;14/11/2024;Business
10151;Davide;Esposito;TESTCL0000000151;000001000151;cliente.demo.0151@example.com;21/06/1985;Salerno;20/07/2024;Standard
10152;Anna;Serra;TESTCL0000000152;000001000152;cliente.demo.0152@example.com;04/05/2001;Bari;17/12/2024;Premium
10153;Alice;Martini;TESTCL0000000153;000001000153;cliente.demo.0153@example.com;10/03/1969;Venezia;03/05/2024;Business
10154;Francesco;Martini;TESTCL0000000154;000001000154;cliente.demo.0154@example.com;22/02/1965;Pisa;09/06/2024;Standard
10155;Martina;Rossi;TESTCL0000000155;000001000155;cliente.demo.0155@example.com;23/06/1977;Perugia;20/07/2024;Premium
10156;Alessandro;Ferrari;TESTCL0000000156;000001000156;cliente.demo.0156@example.com;09/08/1978;Livorno;14/11/2024;Business
10157;Nicola;Gentile;TESTCL0000000157;000001000157;cliente.demo.0157@example.com;26/11/1993;Parma;26/04/2024;Standard
10158;Silvia;Gentile;TESTCL0000000158;000001000158;cliente.demo.0158@example.com;01/12/1979;Venezia;04/08/2024;Premium
10159;Chiara;Leone;TESTCL0000000159;000001000159;cliente.demo.0159@example.com;28/12/1975;Salerno;09/06/2024;Business
10160;Federica;Rossi;TESTCL0000000160;000001000160;cliente.demo.0160@example.com;21/10/2003;Padova;21/04/2024;Standard
10161;Paolo;Ricci;TESTCL0000000161;000001000161;cliente.demo.0161@example.com;26/01/1965;Roma;07/09/2024;Premium
10162;Martina;Leone;TESTCL0000000162;000001000162;cliente.demo.0162@example.com;03/11/1978;Venezia;20/06/2024;Business
10163;Chiara;Leone;TESTCL0000000163;000001000163;cliente.demo.0163@example.com;22/10/1963;Napoli;25/07/2024;Standard
10164;Silvia;Fontana;TESTCL0000000164;000001000164;cliente.demo.0164@example.com;01/02/1984;Livorno;27/05/2024;Premium
10165;Roberto;Gentile;TESTCL0000000165;000001000165;cliente.demo.0165@example.com;10/12/1978;Napoli;06/11/2024;Business
10166;Paolo;Greco;TESTCL0000000166;000001000166;cliente.demo.0166@example.com;25/03/2002;Parma;24/06/2024;Standard
10167;Francesco;Costa;TESTCL0000000167;000001000167;cliente.demo.0167@example.com;24/10/1970;Milano;04/05/2024;Premium
10168;Giorgio;De Luca;TESTCL0000000168;000001000168;cliente.demo.0168@example.com;18/06/1961;Verona;08/11/2024;Business
10169;Irene;Barbieri;TESTCL0000000169;000001000169;cliente.demo.0169@example.com;27/10/1988;Genova;27/09/2024;Standard
10170;Silvia;Barbieri;TESTCL0000000170;000001000170;cliente.demo.0170@example.com;11/08/1978;Lecce;06/05/2024;Premium
10171;Silvia;Romano;TESTCL0000000171;000001000171;cliente.demo.0171@example.com;24/08/1969;Siena;16/06/2024;Business
10172;Silvia;Barbieri;TESTCL0000000172;000001000172;cliente.demo.0172@example.com;16/12/1998;Lecce;04/06/2024;Standard
10173;Giorgio;Vitale;TESTCL0000000173;000001000173;cliente.demo.0173@example.com;03/05/1994;Siena;23/09/2024;Premium
10174;Sara;Martini;TESTCL0000000174;000001000174;cliente.demo.0174@example.com;03/12/2002;Venezia;05/07/2024;Business
10175;Nicola;Fontana;TESTCL0000000175;000001000175;cliente.demo.0175@example.com;20/07/1985;Bologna;26/10/2024;Standard
10176;Silvia;Martini;TESTCL0000000176;000001000176;cliente.demo.0176@example.com;20/08/1982;Venezia;19/07/2024;Premium
10177;Filippo;Mancini;TESTCL0000000177;000001000177;cliente.demo.0177@example.com;03/11/1994;Palermo;23/08/2024;Business
10178;Giorgio;Martini;TESTCL0000000178;000001000178;cliente.demo.0178@example.com;09/08/1979;Firenze;09/07/2024;Standard
10179;Francesco;Santoro;TESTCL0000000179;000001000179;cliente.demo.0179@example.com;25/06/1965;Genova;29/09/2024;Premium
10180;Stefano;Romano;TESTCL0000000180;000001000180;cliente.demo.0180@example.com;14/01/1981;Venezia;04/06/2024;Business
10181;Chiara;Leone;TESTCL0000000181;000001000181;cliente.demo.0181@example.com;18/05/2002;Catania;01/11/2024;Standard
10182;Elena;Ricci;TESTCL0000000182;000001000182;cliente.demo.0182@example.com;09/05/1961;Genova;07/10/2024;Premium
10183;Paolo;Caruso;TESTCL0000000183;000001000183;cliente.demo.0183@example.com;06/06/1964;Salerno;24/05/2024;Business
10184;Giulia;Bruno;TESTCL0000000184;000001000184;cliente.demo.0184@example.com;08/04/2002;Torino;03/04/2024;Standard
10185;Laura;Leone;TESTCL0000000185;000001000185;cliente.demo.0185@example.com;14/06/1962;Venezia;16/11/2024;Premium
10186;Giulia;Colombo;TESTCL0000000186;000001000186;cliente.demo.0186@example.com;27/08/1985;Catania;12/04/2024;Business
10187;Chiara;Fiore;TESTCL0000000187;000001000187;cliente.demo.0187@example.com;08/01/1997;Livorno;06/07/2024;Standard
10188;Alice;Palmieri;TESTCL0000000188;000001000188;cliente.demo.0188@example.com;28/02/1987;Verona;25/04/2024;Premium
10189;Francesco;Costa;TESTCL0000000189;000001000189;cliente.demo.0189@example.com;14/10/1982;Perugia;30/06/2024;Business
10190;Simone;Ferrari;TESTCL0000000190;000001000190;cliente.demo.0190@example.com;06/11/1966;Firenze;02/11/2024;Standard
10191;Beatrice;Palmieri;TESTCL0000000191;000001000191;cliente.demo.0191@example.com;06/05/1974;Parma;21/12/2024;Premium
10192;Marta;Mancini;TESTCL0000000192;000001000192;cliente.demo.0192@example.com;09/01/1977;Milano;18/05/2024;Business
10193;Silvia;Fontana;TESTCL0000000193;000001000193;cliente.demo.0193@example.com;23/10/1963;Palermo;26/05/2024;Standard
10194;Silvia;Vitale;TESTCL0000000194;000001000194;cliente.demo.0194@example.com;02/11/1973;Milano;22/04/2024;Premium
10195;Roberto;Serra;TESTCL0000000195;000001000195;cliente.demo.0195@example.com;04/06/1964;Catania;13/12/2024;Business
10196;Francesco;Santoro;TESTCL0000000196;000001000196;cliente.demo.0196@example.com;26/04/1964;Napoli;13/03/2024;Standard
10197;Francesco;Rizzo;TESTCL0000000197;000001000197;cliente.demo.0197@example.com;20/03/1997;Perugia;06/03/2024;Premium
10198;Sara;Rossi;TESTCL0000000198;000001000198;cliente.demo.0198@example.com;02/03/1996;Firenze;25/04/2024;Business
10199;Elena;Mancini;TESTCL0000000199;000001000199;cliente.demo.0199@example.com;10/09/1986;Verona;11/10/2024;Standard
10200;Martina;Palmieri;TESTCL0000000200;000001000200;cliente.demo.0200@example.com;01/12/1997;Siena;02/05/2024;Premium
