id_conto;iban;numero_cliente;tipo_conto;data_apertura;stato;saldo
30001;IT45X0306909606000000030001;10001;Risparmio;30/05/2025;Attivo;0,00
30002;IT18X0306909606000000030002;10002;Corrente;14/08/2025;Attivo;0,00
30003;IT88X0306909606000000030003;10003;Corrente;21/08/2025;Attivo;0,00
30004;IT61X0306909606000000030004;10004;Corrente;18/08/2025;Attivo;0,00
30005;IT34X0306909606000000030005;10005;Risparmio;26/04/2025;Attivo;0,00
30006;IT07X0306909606000000030006;10006;Corrente;10/08/2025;Attivo;0,00
30007;IT77X0306909606000000030007;10007;Corrente;17/08/2025;Attivo;0,00
30008;IT50X0306909606000000030008;10008;Corrente;22/04/2025;Attivo;0,00
30009;IT23X0306909606000000030009;10009;Risparmio;16/06/2025;Attivo;0,00
30010;IT93X0306909606000000030010;10010;Corrente;03/08/2025;Attivo;0,00
30011;IT66X0306909606000000030011;10011;Corrente;09/08/2025;Attivo;0,00
30012;IT39X0306909606000000030012;10012;Corrente;08/08/2025;Attivo;0,00
30013;IT12X0306909606000000030013;10013;Risparmio;03/05/2025;Attivo;0,00
30014;IT82X0306909606000000030014;10014;Corrente;26/07/2025;Attivo;0,00
30015;IT55X0306909606000000030015;10015;Corrente;20/04/2025;Attivo;0,00
30016;IT28X0306909606000000030016;10016;Corrente;22/08/2025;Attivo;0,00
30017;IT98X0306909606000000030017;10017;Risparmio;03/05/2025;Attivo;0,00
30018;IT71X0306909606000000030018;10018;Corrente;09/08/2025;Attivo;0,00
30019;IT44X0306909606000000030019;10019;Corrente;02/04/2025;Attivo;0,00
30020;IT17X0306909606000000030020;10020;Corrente;29/06/2025;Attivo;0,00
30021;IT87X0306909606000000030021;10021;Risparmio;17/08/2025;Attivo;0,00
30022;IT60X0306909606000000030022;10022;Corrente;29/05/2025;Attivo;0,00
30023;IT33X0306909606000000030023;10023;Corrente;20/08/2025;Attivo;0,00
30024;IT06X0306909606000000030024;10024;Corrente;29/08/2025;Attivo;0,00
30025;IT76X0306909606000000030025;10025;Risparmio;07/09/2025;Attivo;0,00
30026;IT49X0306909606000000030026;10026;Corrente;17/09/2025;Attivo;0,00
30027;IT22X0306909606000000030027;10027;Corrente;11/08/2025;Attivo;0,00
30028;IT92X0306909606000000030028;10028;Corrente;08/09/2025;Attivo;0,00
30029;IT65X0306909606000000030029;10029;Risparmio;03/07/2025;Attivo;0,00
30030;IT38X0306909606000000030030;10030;Corrente;30/08/2025;Attivo;0,00
30031;IT11X0306909606000000030031;10031;Corrente;13/06/2025;Attivo;0,00
30032;IT81X0306909606000000030032;10032;Corrente;14/04/2025;Attivo;0,00
30033;IT54X0306909606000000030033;10033;Risparmio;12/09/2025;Attivo;0,00
30034;IT27X0306909606000000030034;10034;Corrente;27/05/2025;Attivo;0,00
30035;IT97X0306909606000000030035;10035;Corrente;28/04/2025;Attivo;0,00
30036;IT70X0306909606000000030036;10036;Corrente;22/06/2025;Attivo;0,00
30037;IT43X0306909606000000030037;10037;Risparmio;25/04/2025;Attivo;0,00
30038;IT16X0306909606000000030038;10038;Corrente;04/07/2025;Attivo;0,00
30039;IT86X0306909606000000030039;10039;Corrente;28/04/2025;Attivo;0,00
30040;IT59X0306909606000000030040;10040;Corrente;11/04/2025;Attivo;0,00
30041;IT32X0306909606000000030041;10041;Risparmio;13/07/2025;Attivo;0,00
30042;IT05X0306909606000000030042;10042;Corrente;21/06/2025;Attivo;0,00
30043;IT75X0306909606000000030043;10043;Corrente;12/04/2025;Attivo;0,00
30044;IT48X0306909606000000030044;10044;Corrente;17/06/2025;Attivo;0,00
30045;IT21X0306909606000000030045;10045;Risparmio;21/05/2025;Attivo;0,00
30046;IT91X0306909606000000030046;10046;Corrente;01/08/2025;Attivo;0,00
30047;IT64X0306909606000000030047;10047;Corrente;30/06/2025;Attivo;0,00
30048;IT37X0306909606000000030048;10048;Corrente;06/04/2025;Attivo;0,00
30049;IT10X0306909606000000030049;10049;Risparmio;07/05/2025;Attivo;0,00
30050;IT80X0306909606000000030050;10050;Corrente;13/09/2025;Attivo;0,00
30051;IT53X0306909606000000030051;10051;Corrente;10/08/2025;Attivo;0,00
30052;IT26X0306909606000000030052;10052;Corrente;04/09/2025;Attivo;0,00
30053;IT96X0306909606000000030053;10053;Risparmio;24/07/2025;Attivo;0,00
30054;IT69X0306909606000000030054;10054;Corrente;02/09/2025;Attivo;0,00
30055;IT42X0306909606000000030055;10055;Corrente;01/04/2025;Attivo;0,00
30056;IT15X0306909606000000030056;10056;Corrente;29/04/2025;Attivo;0,00
30057;IT85X0306909606000000030057;10057;Risparmio;16/07/2025;Attivo;0,00
30058;IT58X0306909606000000030058;10058;Corrente;13/08/2025;Attivo;0,00
30059;IT31X0306909606000000030059;10059;Corrente;13/07/2025;Attivo;0,00
30060;IT04X0306909606000000030060;10060;Corrente;08/05/2025;Attivo;0,00
30061;IT74X0306909606000000030061;10061;Risparmio;08/04/2025;Attivo;0,00
30062;IT47X0306909606000000030062;10062;Corrente;23/08/2025;Attivo;0,00
30063;IT20X0306909606000000030063;10063;Corrente;27/06/2025;Attivo;0,00
30064;IT90X0306909606000000030064;10064;Corrente;25/04/2025;Attivo;0,00
30065;IT63X0306909606000000030065;10065;Risparmio;01/04/2025;Attivo;0,00
30066;IT36X0306909606000000030066;10066;Corrente;12/06/2025;Attivo;0,00
30067;IT09X0306909606000000030067;10067;Corrente;07/08/2025;Attivo;0,00
30068;IT79X0306909606000000030068;10068;Corrente;18/07/2025;Attivo;0,00
30069;IT52X0306909606000000030069;10069;Risparmio;07/05/2025;Attivo;0,00
30070;IT25X0306909606000000030070;10070;Corrente;01/06/2025;Attivo;0,00
30071;IT95X0306909606000000030071;10071;Corrente;03/05/2025;Attivo;0,00
30072;IT68X0306909606000000030072;10072;Corrente;18/05/2025;Attivo;0,00
30073;IT41X0306909606000000030073;10073;Risparmio;21/08/2025;Attivo;0,00
30074;IT14X0306909606000000030074;10074;Corrente;01/07/2025;Attivo;0,00
30075;IT84X0306909606000000030075;10075;Corrente;04/07/2025;Attivo;0,00
30076;IT57X0306909606000000030076;10076;Corrente;25/06/2025;Attivo;0,00
30077;IT30X0306909606000000030077;10077;Risparmio;26/06/2025;Attivo;0,00
30078;IT03X0306909606000000030078;10078;Corrente;06/04/2025;Attivo;0,00
30079;IT73X0306909606000000030079;10079;Corrente;03/06/2025;Attivo;0,00
30080;IT46X0306909606000000030080;10080;Corrente;24/08/2025;Attivo;0,00
30081;IT19X0306909606000000030081;10081;Risparmio;12/08/2025;Attivo;0,00
30082;IT89X0306909606000000030082;10082;Corrente;17/09/2025;Attivo;0,00
30083;IT62X0306909606000000030083;10083;Corrente;28/04/2025;Attivo;0,00
30084;IT35X0306909606000000030084;10084;Corrente;26/05/2025;Attivo;0,00
30085;IT08X0306909606000000030085;10085;Risparmio;14/09/2025;Attivo;0,00
30086;IT78X0306909606000000030086;10086;Corrente;01/08/2025;Attivo;0,00
30087;IT51X0306909606000000030087;10087;Corrente;07/08/2025;Attivo;0,00
30088;IT24X0306909606000000030088;10088;Corrente;17/09/2025;Attivo;0,00
30089;IT94X0306909606000000030089;10089;Risparmio;25/04/2025;Attivo;0,00
30090;IT67X0306909606000000030090;10090;Corrente;17/06/2025;Attivo;0,00
30091;IT40X0306909606000000030091;10091;Corrente;27/06/2025;Attivo;0,00
30092;IT13X0306909606000000030092;10092;Corrente;28/06/2025;Attivo;0,00
30093;IT83X0306909606000000030093;10093;Risparmio;20/07/2025;Attivo;0,00
30094;IT56X0306909606000000030094;10094;Corrente;23/04/2025;Attivo;0,00
30095;IT29X0306909606000000030095;10095;Corrente;25/06/2025;Attivo;0,00
30096;IT02X0306909606000000030096;10096;Corrente;06/08/2025;Attivo;0,00
30097;IT72X0306909606000000030097;10097;Risparmio;11/09/2025;Attivo;0,00
30098;IT45X0306909606000000030098;10098;Corrente;02/07/2025;Attivo;0,00
30099;IT18X0306909606000000030099;10099;Corrente;29/06/2025;Attivo;0,00
30100;IT88X0306909606000000030100;10100;Corrente;30/06/2025;Attivo;0,00
30101;IT61X0306909606000000030101;10101;Risparmio;27/04/2025;Attivo;0,00
30102;IT34X0306909606000000030102;10102;Corrente;13/05/2025;Attivo;0,00
30103;IT07X0306909606000000030103;10103;Corrente;21/07/2025;Attivo;0,00
30104;IT77X0306909606000000030104;10104;Corrente;27/08/2025;Attivo;0,00
30105;IT50X0306909606000000030105;10105;Risparmio;19/05/2025;Attivo;0,00
30106;IT23X0306909606000000030106;10106;Corrente;02/08/2025;Attivo;0,00
30107;IT93X0306909606000000030107;10107;Corrente;27/05/2025;Attivo;0,00
30108;IT66X0306909606000000030108;10108;Corrente;01/06/2025;Attivo;0,00
30109;IT39X0306909606000000030109;10109;Risparmio;14/08/2025;Attivo;0,00
30110;IT12X0306909606000000030110;10110;Corrente;27/06/2025;Attivo;0,00
30111;IT82X0306909606000000030111;10111;Corrente;27/08/2025;Attivo;0,00
30112;IT55X0306909606000000030112;10112;Corrente;21/06/2025;Attivo;0,00
30113;IT28X0306909606000000030113;10113;Risparmio;18/05/2025;Attivo;0,00
30114;IT98X0306909606000000030114;10114;Corrente;11/07/2025;Attivo;0,00
30115;IT71X0306909606000000030115;10115;Corrente;05/06/2025;Attivo;0,00
30116;IT44X0306909606000000030116;10116;Corrente;03/07/2025;Attivo;0,00
30117;IT17X0306909606000000030117;10117;Risparmio;18/07/2025;Attivo;0,00
30118;IT87X0306909606000000030118;10118;Corrente;19/07/2025;Attivo;0,00
30119;IT60X0306909606000000030119;10119;Corrente;10/06/2025;Attivo;0,00
30120;IT33X0306909606000000030120;10120;Corrente;23/05/2025;Attivo;0,00
30121;IT06X0306909606000000030121;10121;Risparmio;12/09/2025;Attivo;0,00
30122;IT76X0306909606000000030122;10122;Corrente;21/07/2025;Attivo;0,00
30123;IT49X0306909606000000030123;10123;Corrente;04/09/2025;Attivo;0,00
30124;IT22X0306909606000000030124;10124;Corrente;01/08/2025;Attivo;0,00
30125;IT92X0306909606000000030125;10125;Risparmio;23/07/2025;Attivo;0,00
30126;IT65X0306909606000000030126;10126;Corrente;18/07/2025;Attivo;0,00
30127;IT38X0306909606000000030127;10127;Corrente;13/06/2025;Attivo;0,00
30128;IT11X0306909606000000030128;10128;Corrente;22/07/2025;Attivo;0,00
30129;IT81X0306909606000000030129;10129;Risparmio;10/08/2025;Attivo;0,00
30130;IT54X0306909606000000030130;10130;Corrente;23/04/2025;Attivo;0,00
30131;IT27X0306909606000000030131;10131;Corrente;22/07/2025;Attivo;0,00
30132;IT97X0306909606000000030132;10132;Corrente;18/09/2025;Attivo;0,00
30133;IT70X0306909606000000030133;10133;Risparmio;11/04/2025;Attivo;0,00
30134;IT43X0306909606000000030134;10134;Corrente;23/08/2025;Attivo;0,00
30135;IT16X0306909606000000030135;10135;Corrente;25/08/2025;Attivo;0,00
30136;IT86X0306909606000000030136;10136;Corrente;07/09/2025;Attivo;0,00
30137;IT59X0306909606000000030137;10137;Risparmio;16/09/2025;Attivo;0,00
30138;IT32X0306909606000000030138;10138;Corrente;06/06/2025;Attivo;0,00
30139;IT05X0306909606000000030139;10139;Corrente;10/08/2025;Attivo;0,00
30140;IT75X0306909606000000030140;10140;Corrente;17/07/2025;Attivo;0,00
30141;IT48X0306909606000000030141;10141;Risparmio;05/07/2025;Attivo;0,00
30142;IT21X0306909606000000030142;10142;Corrente;02/07/2025;Attivo;0,00
30143;IT91X0306909606000000030143;10143;Corrente;27/04/2025;Attivo;0,00
30144;IT64X0306909606000000030144;10144;Corrente;04/05/2025;Attivo;0,00
30145;IT37X0306909606000000030145;10145;Risparmio;07/07/2025;Attivo;0,00
30146;IT10X0306909606000000030146;10146;Corrente;24/04/2025;Attivo;0,00
30147;IT80X0306909606000000030147;10147;Corrente;26/08/2025;Attivo;0,00
30148;IT53X0306909606000000030148;10148;Corrente;14/08/2025;Attivo;0,00
30149;IT26X0306909606000000030149;10149;Risparmio;06/07/2025;Attivo;0,00
30150;IT96X0306909606000000030150;10150;Corrente;13/05/2025;Attivo;0,00
30151;IT69X0306909606000000030151;10151;Corrente;04/06/2025;Attivo;0,00
30152;IT42X0306909606000000030152;10152;Corrente;11/04/2025;Attivo;0,00
30153;IT15X0306909606000000030153;10153;Risparmio;06/09/2025;Attivo;0,00
30154;IT85X0306909606000000030154;10154;Corrente;11/09/2025;Attivo;0,00
30155;IT58X0306909606000000030155;10155;Corrente;02/08/2025;Attivo;0,00
30156;IT31X0306909606000000030156;10156;Corrente;06/08/2025;Attivo;0,00
30157;IT04X0306909606000000030157;10157;Risparmio;21/06/2025;Attivo;0,00
30158;IT74X0306909606000000030158;10158;Corrente;09/05/2025;Attivo;0,00
30159;IT47X0306909606000000030159;10159;Corrente;13/09/2025;Attivo;0,00
30160;IT20X0306909606000000030160;10160;Corrente;15/04/2025;Attivo;0,00
30161;IT90X0306909606000000030161;10161;Risparmio;20/04/2025;Attivo;0,00
30162;IT63X0306909606000000030162;10162;Corrente;18/07/2025;Attivo;0,00
30163;IT36X0306909606000000030163;10163;Corrente;28/07/2025;Attivo;0,00
30164;IT09X0306909606000000030164;10164;Corrente;31/08/2025;Attivo;0,00
30165;IT79X0306909606000000030165;10165;Risparmio;27/04/2025;Attivo;0,00
30166;IT52X0306909606000000030166;10166;Corrente;09/08/2025;Attivo;0,00
30167;IT25X0306909606000000030167;10167;Corrente;12/08/2025;Attivo;0,00
30168;IT95X0306909606000000030168;10168;Corrente;06/04/2025;Attivo;0,00
30169;IT68X0306909606000000030169;10169;Risparmio;18/07/2025;Attivo;0,00
30170;IT41X0306909606000000030170;10170;Corrente;01/07/2025;Attivo;0,00
30171;IT14X0306909606000000030171;10171;Corrente;26/08/2025;Attivo;0,00
30172;IT84X0306909606000000030172;10172;Corrente;13/07/2025;Attivo;0,00
30173;IT57X0306909606000000030173;10173;Risparmio;25/04/2025;Attivo;0,00
30174;IT30X0306909606000000030174;10174;Corrente;18/04/2025;Attivo;0,00
30175;IT03X0306909606000000030175;10175;Corrente;04/04/2025;Attivo;0,00
30176;IT73X0306909606000000030176;10176;Corrente;11/06/2025;Attivo;0,00
30177;IT46X0306909606000000030177;10177;Risparmio;30/05/2025;Attivo;0,00
30178;IT19X0306909606000000030178;10178;Corrente;19/08/2025;Attivo;0,00
30179;IT89X0306909606000000030179;10179;Corrente;04/04/2025;Attivo;0,00
30180;IT62X0306909606000000030180;10180;Corrente;08/05/2025;Attivo;0,00
30181;IT35X0306909606000000030181;10181;Risparmio;24/07/2025;Attivo;0,00
30182;IT08X0306909606000000030182;10182;Corrente;20/05/2025;Attivo;0,00
30183;IT78X0306909606000000030183;10183;Corrente;02/09/2025;Attivo;0,00
30184;IT51X0306909606000000030184;10184;Corrente;03/08/2025;Attivo;0,00
30185;IT24X0306909606000000030185;10185;Risparmio;04/06/2025;Attivo;0,00
30186;IT94X0306909606000000030186;10186;Corrente;17/05/2025;Attivo;0,00
30187;IT67X0306909606000000030187;10187;Corrente;12/05/2025;Attivo;0,00
30188;IT40X0306909606000000030188;10188;Corrente;28/04/2025;Attivo;0,00
30189;IT13X0306909606000000030189;10189;Risparmio;06/08/2025;Attivo;0,00
30190;IT83X0306909606000000030190;10190;Corrente;10/08/2025;Attivo;0,00
30191;IT56X0306909606000000030191;10191;Corrente;21/04/2025;Attivo;0,00
30192;IT29X0306909606000000030192;10192;Corrente;21/05/2025;Attivo;0,00
30193;IT02X0306909606000000030193;10193;Risparmio;04/08/2025;Attivo;0,00
30194;IT72X0306909606000000030194;10194;Corrente;06/04/2025;Attivo;0,00
30195;IT45X0306909606000000030195;10195;Corrente;22/06/2025;Attivo;0,00
30196;IT18X0306909606000000030196;10196;Corrente;23/08/2025;Attivo;0,00
30197;IT88X0306909606000000030197;10197;Risparmio;25/08/2025;Attivo;0,00
30198;IT61X0306909606000000030198;10198;Corrente;02/07/2025;Attivo;0,00
30199;IT34X0306909606000000030199;10199;Corrente;24/07/2025;Attivo;0,00
30200;IT07X0306909606000000030200;10200;Corrente;09/06/2025;Attivo;0,00
