id_dipendente;ruolo;nome;cognome;codice_fiscale;recapito;data_assunzione;specializzazione;liv_autorizzazione
20001;Gestore;Alice;Fiore;TESTDP0000000001;000000000001;29/03/2021;;
20002;Gestore;Sara;Fontana;TESTDP0000000002;000000000002;22/11/2021;;
20003;Gestore;Simone;Moretti;TESTDP0000000003;000000000003;05/04/2021;;
20004;Gestore;Simone;De Luca;TESTDP0000000004;000000000004;03/11/2022;;
20005;Specialista;Stefano;Rizzo;TESTDP0000000005;000000000005;24/12/2022;Mutui;
20006;Specialista;Valentina;Mancini;TESTDP0000000006;000000000006;02/03/2019;Investimenti;
20007;Specialista;Martina;Vitale;TESTDP0000000007;000000000007;14/01/2025;Prestiti;
20008;Specialista;Filippo;Rossi;TESTDP0000000008;000000000008;24/01/2019;Mutui;
20009;AddettoAllaSicurezza;Sara;Vitale;TESTDP0000000009;000000000009;28/07/2020;;
20010;AddettoAllaSicurezza;Elena;Gentile;TESTDP0000000010;000000000010;30/12/2022;;
20011;Gestore;Andrea;Ferri;TESTDP0000000011;000000000011;20/05/2020;;
20012;Gestore;Roberto;Bianchi;TESTDP0000000012;000000000012;14/09/2020;;
20013;Gestore;Silvia;Ferrari;TESTDP0000000013;000000000013;30/11/2021;;
20014;Gestore;Roberto;Greco;TESTDP0000000014;000000000014;06/05/2024;;
20015;Specialista;Elena;Caruso;TESTDP0000000015;000000000015;18/05/2019;Investimenti;
20016;Specialista;Simone;Gentile;TESTDP0000000016;000000000016;29/03/2022;Prestiti;
20017;Specialista;Andrea;Ferrari;TESTDP0000000017;000000000017;15/02/2024;Mutui;
20018;Specialista;Martina;De Luca;TESTDP0000000018;000000000018;16/10/2022;Investimenti;
20019;AddettoAllaSicurezza;Beatrice;Barbieri;TESTDP0000000019;000000000019;20/04/2025;;
20020;AddettoAllaSicurezza;Nicola;Esposito;TESTDP0000000020;000000000020;14/01/2024;;
20021;Gestore;Paolo;Bruno;TESTDP0000000021;000000000021;25/02/2024;;
20022;Gestore;Paolo;Marino;TESTDP0000000022;000000000022;21/06/2022;;
20023;Gestore;Matteo;Mancini;TESTDP0000000023;000000000023;21/01/2020;;
20024;Gestore;Anna;Fontana;TESTDP0000000024;000000000024;25/02/2020;;
20025;Specialista;Marta;Costa;TESTDP0000000025;000000000025;02/06/2020;Prestiti;
20026;Specialista;Irene;Rossi;TESTDP0000000026;000000000026;21/05/2022;Mutui;
20027;Specialista;Davide;Santoro;TESTDP0000000027;000000000027;22/09/2019;Investimenti;
20028;Specialista;Irene;Rossi;TESTDP0000000028;000000000028;24/09/2020;Prestiti;
20029;AddettoAllaSicurezza;Luca;Martini;TESTDP0000000029;000000000029;10/03/2020;;
20030;AddettoAllaSicurezza;Stefano;Caruso;TESTDP0000000030;000000000030;21/06/2021;;
20031;Gestore;Stefano;Ferrari;TESTDP0000000031;000000000031;08/07/2023;;
20032;Gestore;Pietro;Bianchi;TESTDP0000000032;000000000032;22/01/2025;;
20033;Gestore;Beatrice;Ferrari;TESTDP0000000033;000000000033;17/01/2025;;
20034;Gestore;Francesco;Leone;TESTDP0000000034;000000000034;05/05/2025;;
20035;Specialista;Matteo;Barbieri;TESTDP0000000035;000000000035;19/10/2022;Mutui;
20036;Specialista;Giorgio;De Luca;TESTDP0000000036;000000000036;17/04/2022;Investimenti;
20037;Specialista;Laura;De Luca;TESTDP0000000037;000000000037;10/08/2024;Prestiti;
20038;Specialista;Filippo;Longo;TESTDP0000000038;000000000038;20/05/2023;Mutui;
20039;AddettoAllaSicurezza;Stefano;Costa;TESTDP0000000039;000000000039;26/09/2019;;
20040;AddettoAllaSicurezza;Valentina;Esposito;TESTDP0000000040;000000000040;21/08/2020;;
20041;Gestore;Marco;De Luca;TESTDP0000000041;000000000041;25/05/2019;;
20042;Gestore;Valentina;Serra;TESTDP0000000042;000000000042;20/03/2024;;
20043;Gestore;Giulia;Ferri;TESTDP0000000043;000000000043;17/05/2023;;
20044;Gestore;Elena;Fiore;TESTDP0000000044;000000000044;17/06/2023;;
20045;Specialista;Marta;Longo;TESTDP0000000045;000000000045;18/10/2024;Investimenti;
20046;Specialista;Alessandro;De Luca;TESTDP0000000046;000000000046;03/12/2021;Prestiti;
20047;Specialista;Elena;Ricci;TESTDP0000000047;000000000047;24/02/2022;Mutui;
20048;Specialista;Alice;Vitale;TESTDP0000000048;000000000048;14/07/2024;Investimenti;
20049;AddettoAllaSicurezza;Alice;Greco;TESTDP0000000049;000000000049;20/11/2023;;
20050;AddettoAllaSicurezza;Alessandro;Bianchi;TESTDP0000000050;000000000050;18/10/2024;;
20051;Gestore;Sara;Martini;TESTDP0000000051;000000000051;10/05/2022;;
20052;Gestore;Roberto;Gallo;TESTDP0000000052;000000000052;11/08/2023;;
20053;Gestore;Sofia;Romano;TESTDP0000000053;000000000053;11/02/2021;;
20054;Gestore;Giulia;Greco;TESTDP0000000054;000000000054;04/10/2020;;
20055;Specialista;Silvia;Rizzo;TESTDP0000000055;000000000055;10/12/2024;Prestiti;
20056;Specialista;Davide;Rizzo;TESTDP0000000056;000000000056;16/07/2022;Mutui;
20057;Specialista;Luca;Martini;TESTDP0000000057;000000000057;16/11/2019;Investimenti;
20058;Specialista;Sara;Palmieri;TESTDP0000000058;000000000058;18/11/2024;Prestiti;
20059;AddettoAllaSicurezza;Silvia;Caruso;TESTDP0000000059;000000000059;25/06/2024;;
20060;AddettoAllaSicurezza;Alessandro;Costa;TESTDP0000000060;000000000060;07/05/2021;;
20061;Gestore;Marta;Fiore;TESTDP0000000061;000000000061;05/09/2024;;
20062;Gestore;Elena;Esposito;TESTDP0000000062;000000000062;02/10/2021;;
20063;Gestore;Stefano;Romano;TESTDP0000000063;000000000063;03/11/2021;;
20064;Gestore;Marco;Mancini;TESTDP0000000064;000000000064;22/02/2020;;
20065;Specialista;Matteo;Moretti;TESTDP0000000065;000000000065;28/06/2020;Mutui;
20066;Specialista;Filippo;Bianchi;TESTDP0000000066;000000000066;03/03/2023;Investimenti;
20067;Specialista;Elena;Fiore;TESTDP0000000067;000000000067;11/05/2019;Prestiti;
20068;Specialista;Martina;Longo;TESTDP0000000068;000000000068;22/01/2024;Mutui;
20069;AddettoAllaSicurezza;Elena;Martini;TESTDP0000000069;000000000069;16/01/2020;;
20070;AddettoAllaSicurezza;Andrea;Longo;TESTDP0000000070;000000000070;06/07/2019;;
20071;Gestore;Silvia;Fiore;TESTDP0000000071;000000000071;04/03/2024;;
20072;Gestore;Chiara;Leone;TESTDP0000000072;000000000072;27/09/2019;;
20073;Gestore;Federica;Conti;TESTDP0000000073;000000000073;08/03/2020;;
20074;Gestore;Alessandro;Santoro;TESTDP0000000074;000000000074;15/12/2023;;
20075;Specialista;Paolo;Martini;TESTDP0000000075;000000000075;29/06/2023;Investimenti;
20076;Specialista;Davide;Rossi;TESTDP0000000076;000000000076;14/12/2021;Prestiti;
20077;Specialista;Luca;Santoro;TESTDP0000000077;000000000077;03/11/2020;Mutui;
20078;Specialista;Irene;Barbieri;TESTDP0000000078;000000000078;27/08/2019;Investimenti;
20079;AddettoAllaSicurezza;Sara;Mancini;TESTDP0000000079;000000000079;24/02/2023;;
20080;AddettoAllaSicurezza;Luca;Moretti;TESTDP0000000080;000000000080;22/07/2020;;
20081;Gestore;Filippo;Vitale;TESTDP0000000081;000000000081;22/11/2021;;
20082;Gestore;Valentina;Fontana;TESTDP0000000082;000000000082;16/03/2020;;
20083;Gestore;Sara;Santoro;TESTDP0000000083;000000000083;01/04/2020;;
20084;Gestore;Silvia;Rossi;TESTDP0000000084;000000000084;01/05/2023;;
20085;Specialista;Anna;Rizzo;TESTDP0000000085;000000000085;25/07/2024;Prestiti;
20086;Specialista;Martina;Bruno;TESTDP0000000086;000000000086;06/06/2020;Mutui;
20087;Specialista;Anna;Ricci;TESTDP0000000087;000000000087;30/04/2024;Investimenti;
20088;Specialista;Davide;Gallo;TESTDP0000000088;000000000088;05/03/2019;Prestiti;
20089;AddettoAllaSicurezza;Simone;De Luca;TESTDP0000000089;000000000089;20/03/2025;;
20090;AddettoAllaSicurezza;Irene;Palmieri;TESTDP0000000090;000000000090;02/01/2025;;
20091;Gestore;Luca;Fiore;TESTDP0000000091;000000000091;28/02/2025;;
20092;Gestore;Roberto;Serra;TESTDP0000000092;000000000092;07/12/2019;;
20093;Gestore;Anna;Marino;TESTDP0000000093;000000000093;18/07/2024;;
20094;Gestore;Alessandro;Ferrari;TESTDP0000000094;000000000094;29/12/2019;;
20095;Specialista;Paolo;Bianchi;TESTDP0000000095;000000000095;02/09/2022;Mutui;
20096;Specialista;Filippo;Fontana;TESTDP0000000096;000000000096;10/02/2023;Investimenti;
20097;Specialista;Filippo;Longo;TESTDP0000000097;000000000097;06/07/2019;Prestiti;
20098;Specialista;Paolo;Fontana;TESTDP0000000098;000000000098;08/11/2020;Mutui;
20099;AddettoAllaSicurezza;Sara;Romano;TESTDP0000000099;000000000099;16/01/2022;;
20100;AddettoAllaSicurezza;Simone;Colombo;TESTDP0000000100;000000000100;23/01/2024;;
20101;Gestore;Simone;Mancini;TESTDP0000000101;000000000101;29/08/2022;;
20102;Gestore;Federica;Conti;TESTDP0000000102;000000000102;10/09/2024;;
20103;Gestore;Laura;Conti;TESTDP0000000103;000000000103;09/01/2022;;
20104;Gestore;Irene;Colombo;TESTDP0000000104;000000000104;12/04/2022;;
20105;Specialista;Sara;Rossi;TESTDP0000000105;000000000105;05/07/2022;Investimenti;
20106;Specialista;Luca;Longo;TESTDP0000000106;000000000106;18/02/2023;Prestiti;
20107;Specialista;Marta;Bianchi;TESTDP0000000107;000000000107;28/03/2025;Mutui;
20108;Specialista;Federica;Fiore;TESTDP0000000108;000000000108;09/06/2025;Investimenti;
20109;AddettoAllaSicurezza;Irene;Greco;TESTDP0000000109;000000000109;06/08/2023;;
20110;AddettoAllaSicurezza;Giulia;Longo;TESTDP0000000110;000000000110;22/03/2024;;
20111;Gestore;Alessandro;Santoro;TESTDP0000000111;000000000111;08/04/2024;;
20112;Gestore;Chiara;Fiore;TESTDP0000000112;000000000112;21/12/2020;;
20113;Gestore;Marta;Bianchi;TESTDP0000000113;000000000113;28/04/2025;;
20114;Gestore;Silvia;Barbieri;TESTDP0000000114;000000000114;23/08/2021;;
20115;Specialista;Valentina;Santoro;TESTDP0000000115;000000000115;08/10/2023;Prestiti;
20116;Specialista;Marco;Rossi;TESTDP0000000116;000000000116;01/12/2023;Mutui;
20117;Specialista;Alice;Fiore;TESTDP0000000117;000000000117;25/01/2020;Investimenti;
20118;Specialista;Silvia;De Luca;TESTDP0000000118;000000000118;01/10/2022;Prestiti;
20119;AddettoAllaSicurezza;Chiara;Moretti;TESTDP0000000119;000000000119;09/02/2021;;
20120;AddettoAllaSicurezza;Marta;Bianchi;TESTDP0000000120;000000000120;13/03/2024;;
20121;Gestore;Sara;Ricci;TESTDP0000000121;000000000121;06/08/2024;;
20122;Gestore;Davide;Leone;TESTDP0000000122;000000000122;05/04/2020;;
20123;Gestore;Davide;Rossi;TESTDP0000000123;000000000123;22/12/2024;;
20124;Gestore;Marco;Bianchi;TESTDP0000000124;000000000124;27/11/2021;;
20125;Specialista;Silvia;Bianchi;TESTDP0000000125;000000000125;17/07/2019;Mutui;
20126;Specialista;Luca;Fontana;TESTDP0000000126;000000000126;18/04/2023;Investimenti;
20127;Specialista;Anna;Bruno;TESTDP0000000127;000000000127;30/05/2019;Prestiti;
20128;Specialista;Silvia;Costa;TESTDP0000000128;000000000128;20/03/2025;Mutui;
20129;AddettoAllaSicurezza;Simone;Serra;TESTDP0000000129;000000000129;06/09/2021;;
20130;AddettoAllaSicurezza;Luca;Moretti;TESTDP0000000130;000000000130;06/02/2021;;
20131;Gestore;Irene;Vitale;TESTDP0000000131;000000000131;17/01/2020;;
20132;Gestore;Davide;Marino;TESTDP0000000132;000000000132;05/01/2021;;
20133;Gestore;Giorgio;Greco;TESTDP0000000133;000000000133;07/04/2021;;
20134;Gestore;Marco;Serra;TESTDP0000000134;000000000134;17/05/2021;;
20135;Specialista;Martina;Vitale;TESTDP0000000135;000000000135;21/09/2019;Investimenti;
20136;Specialista;Federica;Serra;TESTDP0000000136;000000000136;02/09/2023;Prestiti;
20137;Specialista;Davide;Mancini;TESTDP0000000137;000000000137;15/07/2019;Mutui;
20138;Specialista;Beatrice;Bruno;TESTDP0000000138;000000000138;01/03/2023;Investimenti;
20139;AddettoAllaSicurezza;Alice;Esposito;TESTDP0000000139;000000000139;08/01/2024;;
20140;AddettoAllaSicurezza;Filippo;Martini;TESTDP0000000140;000000000140;01/10/2024;;
20141;Gestore;Francesco;Esposito;TESTDP0000000141;000000000141;27/01/2022;;
20142;Gestore;Valentina;Mancini;TESTDP0000000142;000000000142;05/08/2023;;
20143;Gestore;Luca;Marino;TESTDP0000000143;000000000143;29/10/2024;;
20144;Gestore;Giulia;Moretti;TESTDP0000000144;000000000144;29/05/2019;;
20145;Specialista;Marco;Rossi;TESTDP0000000145;000000000145;28/02/2019;Prestiti;
20146;Specialista;Valentina;Mancini;TESTDP0000000146;000000000146;05/12/2024;Mutui;
20147;Specialista;Giorgio;Bianchi;TESTDP0000000147;000000000147;09/10/2019;Investimenti;
20148;Specialista;Marta;Martini;TESTDP0000000148;000000000148;20/10/2024;Prestiti;
20149;AddettoAllaSicurezza;Irene;Greco;TESTDP0000000149;000000000149;04/08/2024;;
20150;AddettoAllaSicurezza;Beatrice;Palmieri;TESTDP0000000150;000000000150;24/01/2022;;
20151;Gestore;Simone;Rossi;TESTDP0000000151;000000000151;05/02/2025;;
20152;Gestore;Chiara;Greco;TESTDP0000000152;000000000152;09/01/2019;;
20153;Gestore;Martina;De Luca;TESTDP0000000153;000000000153;30/08/2023;;
20154;Gestore;Irene;Serra;TESTDP0000000154;000000000154;08/09/2024;;
20155;Specialista;Irene;Greco;TESTDP0000000155;000000000155;06/11/2022;Mutui;
20156;Specialista;Matteo;Leone;TESTDP0000000156;000000000156;20/07/2023;Investimenti;
20157;Specialista;Stefano;Vitale;TESTDP0000000157;000000000157;03/08/2022;Prestiti;
20158;Specialista;Simone;Esposito;TESTDP0000000158;000000000158;08/02/2025;Mutui;
20159;AddettoAllaSicurezza;Matteo;Caruso;TESTDP0000000159;000000000159;25/12/2022;;
20160;AddettoAllaSicurezza;Martina;Rizzo;TESTDP0000000160;000000000160;01/11/2022;;
20161;Gestore;Elena;Ferri;TESTDP0000000161;000000000161;09/11/2022;;
20162;Gestore;Laura;Bruno;TESTDP0000000162;000000000162;20/03/2021;;
20163;Gestore;Anna;Bruno;TESTDP0000000163;000000000163;27/05/2020;;
20164;Gestore;Francesco;Serra;TESTDP0000000164;000000000164;28/06/2022;;
20165;Specialista;Paolo;Vitale;TESTDP0000000165;000000000165;12/07/2020;Investimenti;
20166;Specialista;Beatrice;Fiore;TESTDP0000000166;000000000166;04/07/2023;Prestiti;
20167;Specialista;Simone;Greco;TESTDP0000000167;000000000167;02/06/2020;Mutui;
20168;Specialista;Sofia;Longo;TESTDP0000000168;000000000168;28/03/2025;Investimenti;
20169;AddettoAllaSicurezza;Nicola;Longo;TESTDP0000000169;000000000169;09/10/2019;;
20170;AddettoAllaSicurezza;Simone;Santoro;TESTDP0000000170;000000000170;17/10/2019;;
20171;Gestore;Alessandro;Moretti;TESTDP0000000171;000000000171;30/12/2019;;
20172;Gestore;Alice;Barbieri;TESTDP0000000172;000000000172;20/02/2024;;
20173;Gestore;Beatrice;Romano;TESTDP0000000173;000000000173;24/11/2022;;
20174;Gestore;Paolo;Moretti;TESTDP0000000174;000000000174;29/09/2019;;
20175;Specialista;Andrea;Mancini;TESTDP0000000175;000000000175;23/12/2020;Prestiti;
20176;Specialista;Filippo;Bruno;TESTDP0000000176;000000000176;18/08/2020;Mutui;
20177;Specialista;Paolo;Mancini;TESTDP0000000177;000000000177;21/03/2024;Investimenti;
20178;Specialista;Stefano;Longo;TESTDP0000000178;000000000178;06/10/2022;Prestiti;
20179;AddettoAllaSicurezza;Roberto;Romano;TESTDP0000000179;000000000179;21/11/2021;;
20180;AddettoAllaSicurezza;Laura;Costa;TESTDP0000000180;000000000180;10/04/2025;;
20181;Gestore;Alice;Ferri;TESTDP0000000181;000000000181;18/04/2020;;
20182;Gestore;Stefano;Palmieri;TESTDP0000000182;000000000182;08/01/2021;;
20183;Gestore;Irene;Vitale;TESTDP0000000183;000000000183;18/06/2022;;
20184;Gestore;Luca;Conti;TESTDP0000000184;000000000184;10/01/2021;;
20185;Specialista;Alice;Palmieri;TESTDP0000000185;000000000185;06/05/2020;Mutui;
20186;Specialista;Sofia;Moretti;TESTDP0000000186;000000000186;08/12/2023;Investimenti;
20187;Specialista;Simone;Palmieri;TESTDP0000000187;000000000187;24/02/2025;Prestiti;
20188;Specialista;Giulia;Ferri;TESTDP0000000188;000000000188;16/07/2021;Mutui;
20189;AddettoAllaSicurezza;Beatrice;Moretti;TESTDP0000000189;000000000189;13/05/2021;;
20190;AddettoAllaSicurezza;Valentina;Ferrari;TESTDP0000000190;000000000190;30/12/2019;;
20191;Gestore;Matteo;Mancini;TESTDP0000000191;000000000191;18/05/2023;;
20192;Gestore;Irene;Palmieri;TESTDP0000000192;000000000192;27/03/2025;;
20193;Gestore;Martina;Conti;TESTDP0000000193;000000000193;17/01/2024;;
20194;Gestore;Paolo;Gallo;TESTDP0000000194;000000000194;24/03/2024;;
20195;Specialista;Simone;Caruso;TESTDP0000000195;000000000195;28/05/2022;Investimenti;
20196;Specialista;Pietro;Martini;TESTDP0000000196;000000000196;14/12/2019;Prestiti;
20197;Specialista;Filippo;Mancini;TESTDP0000000197;000000000197;07/10/2019;Mutui;
20198;Specialista;Roberto;Santoro;TESTDP0000000198;000000000198;24/06/2021;Investimenti;
20199;AddettoAllaSicurezza;Irene;Santoro;TESTDP0000000199;000000000199;24/06/2025;;
20200;AddettoAllaSicurezza;Sara;Bruno;TESTDP0000000200;000000000200;11/12/2019;;
