id_operazione;id_conto;numero_cliente;tipo;data_operazione;importo;durata_mesi;tasso;stato;finalita;eseguito
41001;30001;10001;Mutuo;01/06/2026;23731,14;120;2,50;Rifiutata;Acquisto immobile;0
41002;30002;10002;Prestito;02/06/2026;18504,49;36;3,80;Richiesta;Liquidita personale;0
41003;30003;10003;Prestito;03/06/2026;22714,11;48;5,10;Rifiutata;Liquidita personale;0
41004;30004;10004;Mutuo;04/06/2026;20872,82;300;6,40;Richiesta;Acquisto immobile;0
41005;30005;10005;Prestito;05/06/2026;22335,08;24;7,70;Rifiutata;Liquidita personale;0
41006;30006;10006;Prestito;06/06/2026;13249,66;36;9,00;Richiesta;Liquidita personale;0
41007;30007;10007;Mutuo;07/06/2026;13559,76;240;10,30;Rifiutata;Acquisto immobile;0
41008;30008;10008;Prestito;08/06/2026;15098,03;60;3,10;Richiesta;Liquidita personale;0
41009;30009;10009;Prestito;09/06/2026;21027,22;24;4,40;Rifiutata;Liquidita personale;0
41010;30010;10010;Mutuo;10/06/2026;17772,94;180;5,70;Richiesta;Acquisto immobile;0
41011;30011;10011;Prestito;11/06/2026;24859,72;48;7,00;Rifiutata;Liquidita personale;0
41012;30012;10012;Prestito;12/06/2026;21995,39;60;8,30;Richiesta;Liquidita personale;0
41013;30013;10013;Mutuo;13/06/2026;19868,74;120;9,60;Rifiutata;Acquisto immobile;0
41014;30014;10014;Prestito;14/06/2026;21771,39;36;10,90;Richiesta;Liquidita personale;0
41015;30015;10015;Prestito;15/06/2026;13397,28;48;3,70;Rifiutata;Liquidita personale;0
41016;30016;10016;Mutuo;16/06/2026;12041,38;300;5,00;Richiesta;Acquisto immobile;0
41017;30017;10017;Prestito;17/06/2026;12929,58;24;6,30;Rifiutata;Liquidita personale;0
41018;30018;10018;Prestito;18/06/2026;17235,25;36;7,60;Richiesta;Liquidita personale;0
41019;30019;10019;Mutuo;19/06/2026;20405,85;240;8,90;Rifiutata;Acquisto immobile;0
41020;30020;10020;Prestito;20/06/2026;16739,44;60;10,20;Richiesta;Liquidita personale;0
41021;30021;10021;Prestito;21/06/2026;24866,00;24;3,00;Rifiutata;Liquidita personale;0
41022;30022;10022;Mutuo;22/06/2026;16277,08;180;4,30;Richiesta;Acquisto immobile;0
41023;30023;10023;Prestito;23/06/2026;24509,07;48;5,60;Rifiutata;Liquidita personale;0
41024;30024;10024;Prestito;24/06/2026;17323,06;60;6,90;Richiesta;Liquidita personale;0
41025;30025;10025;Mutuo;25/06/2026;12465,38;120;8,20;Rifiutata;Acquisto immobile;0
41026;30026;10026;Prestito;26/06/2026;15973,57;36;9,50;Richiesta;Liquidita personale;0
41027;30027;10027;Prestito;27/06/2026;22974,84;48;10,80;Rifiutata;Liquidita personale;0
41028;30028;10028;Mutuo;01/06/2026;15510,88;300;3,60;Richiesta;Acquisto immobile;0
41029;30029;10029;Prestito;02/06/2026;20951,64;24;4,90;Rifiutata;Liquidita personale;0
41030;30030;10030;Prestito;03/06/2026;16092,29;36;6,20;Richiesta;Liquidita personale;0
41031;30031;10031;Mutuo;04/06/2026;16155,01;240;7,50;Rifiutata;Acquisto immobile;0
41032;30032;10032;Prestito;05/06/2026;19119,79;60;8,80;Richiesta;Liquidita personale;0
41033;30033;10033;Prestito;06/06/2026;15355,32;24;10,10;Rifiutata;Liquidita personale;0
41034;30034;10034;Mutuo;07/06/2026;20702,69;180;2,90;Richiesta;Acquisto immobile;0
41035;30035;10035;Prestito;08/06/2026;14744,21;48;4,20;Rifiutata;Liquidita personale;0
41036;30036;10036;Prestito;09/06/2026;18699,71;60;5,50;Richiesta;Liquidita personale;0
41037;30037;10037;Mutuo;10/06/2026;24386,87;120;6,80;Rifiutata;Acquisto immobile;0
41038;30038;10038;Prestito;11/06/2026;16911,21;36;8,10;Richiesta;Liquidita personale;0
41039;30039;10039;Prestito;12/06/2026;24187,94;48;9,40;Rifiutata;Liquidita personale;0
41040;30040;10040;Mutuo;13/06/2026;15906,69;300;10,70;Richiesta;Acquisto immobile;0
41041;30041;10041;Prestito;14/06/2026;21592,64;24;3,50;Rifiutata;Liquidita personale;0
41042;30042;10042;Prestito;15/06/2026;19668,37;36;4,80;Richiesta;Liquidita personale;0
41043;30043;10043;Mutuo;16/06/2026;17569,01;240;6,10;Rifiutata;Acquisto immobile;0
41044;30044;10044;Prestito;17/06/2026;22387,09;60;7,40;Richiesta;Liquidita personale;0
41045;30045;10045;Prestito;18/06/2026;13288,91;24;8,70;Rifiutata;Liquidita personale;0
41046;30046;10046;Mutuo;19/06/2026;21116,46;180;10,00;Richiesta;Acquisto immobile;0
41047;30047;10047;Prestito;20/06/2026;17932,33;48;2,80;Rifiutata;Liquidita personale;0
41048;30048;10048;Prestito;21/06/2026;22538,50;60;4,10;Richiesta;Liquidita personale;0
41049;30049;10049;Mutuo;22/06/2026;13225,84;120;5,40;Rifiutata;Acquisto immobile;0
41050;30050;10050;Prestito;23/06/2026;14026,60;36;6,70;Richiesta;Liquidita personale;0
41051;30051;10051;Prestito;24/06/2026;14357,88;48;8,00;Rifiutata;Liquidita personale;0
41052;30052;10052;Mutuo;25/06/2026;17889,61;300;9,30;Richiesta;Acquisto immobile;0
41053;30053;10053;Prestito;26/06/2026;21427,90;24;10,60;Rifiutata;Liquidita personale;0
41054;30054;10054;Prestito;27/06/2026;17755,62;36;3,40;Richiesta;Liquidita personale;0
41055;30055;10055;Mutuo;01/06/2026;21019,53;240;4,70;Rifiutata;Acquisto immobile;0
41056;30056;10056;Prestito;02/06/2026;15183,45;60;6,00;Richiesta;Liquidita personale;0
41057;30057;10057;Prestito;03/06/2026;24293,86;24;7,30;Rifiutata;Liquidita personale;0
41058;30058;10058;Mutuo;04/06/2026;20256,33;180;8,60;Richiesta;Acquisto immobile;0
41059;30059;10059;Prestito;05/06/2026;22584,20;48;9,90;Rifiutata;Liquidita personale;0
41060;30060;10060;Prestito;06/06/2026;13372,17;60;2,70;Richiesta;Liquidita personale;0
41061;30061;10061;Mutuo;07/06/2026;22666,15;120;4,00;Rifiutata;Acquisto immobile;0
41062;30062;10062;Prestito;08/06/2026;19256,10;36;5,30;Richiesta;Liquidita personale;0
41063;30063;10063;Prestito;09/06/2026;24722,90;48;6,60;Rifiutata;Liquidita personale;0
41064;30064;10064;Mutuo;10/06/2026;14609,52;300;7,90;Richiesta;Acquisto immobile;0
41065;30065;10065;Prestito;11/06/2026;19517,78;24;9,20;Rifiutata;Liquidita personale;0
41066;30066;10066;Prestito;12/06/2026;23952,91;36;10,50;Richiesta;Liquidita personale;0
41067;30067;10067;Mutuo;13/06/2026;13520,88;240;3,30;Rifiutata;Acquisto immobile;0
41068;30068;10068;Prestito;14/06/2026;18108,58;60;4,60;Richiesta;Liquidita personale;0
41069;30069;10069;Prestito;15/06/2026;16952,69;24;5,90;Rifiutata;Liquidita personale;0
41070;30070;10070;Mutuo;16/06/2026;18160,78;180;7,20;Richiesta;Acquisto immobile;0
41071;30071;10071;Prestito;17/06/2026;16050,75;48;8,50;Rifiutata;Liquidita personale;0
41072;30072;10072;Prestito;18/06/2026;15261,96;60;9,80;Richiesta;Liquidita personale;0
41073;30073;10073;Mutuo;19/06/2026;17089,11;120;2,60;Rifiutata;Acquisto immobile;0
41074;30074;10074;Prestito;20/06/2026;18054,66;36;3,90;Richiesta;Liquidita personale;0
41075;30075;10075;Prestito;21/06/2026;17408,85;48;5,20;Rifiutata;Liquidita personale;0
41076;30076;10076;Mutuo;22/06/2026;14215,94;300;6,50;Richiesta;Acquisto immobile;0
41077;30077;10077;Prestito;23/06/2026;20224,91;24;7,80;Rifiutata;Liquidita personale;0
41078;30078;10078;Prestito;24/06/2026;24647,40;36;9,10;Richiesta;Liquidita personale;0
41079;30079;10079;Mutuo;25/06/2026;18030,09;240;10,40;Rifiutata;Acquisto immobile;0
41080;30080;10080;Prestito;26/06/2026;24104,25;60;3,20;Richiesta;Liquidita personale;0
41081;30081;10081;Prestito;27/06/2026;19367,79;24;4,50;Rifiutata;Liquidita personale;0
41082;30082;10082;Mutuo;01/06/2026;17028,45;180;5,80;Richiesta;Acquisto immobile;0
41083;30083;10083;Prestito;02/06/2026;16811,30;48;7,10;Rifiutata;Liquidita personale;0
41084;30084;10084;Prestito;03/06/2026;18975,99;60;8,40;Richiesta;Liquidita personale;0
41085;30085;10085;Mutuo;04/06/2026;12664,08;120;9,70;Rifiutata;Acquisto immobile;0
41086;30086;10086;Prestito;05/06/2026;16507,74;36;2,50;Richiesta;Liquidita personale;0
41087;30087;10087;Prestito;06/06/2026;12035,51;48;3,80;Rifiutata;Liquidita personale;0
41088;30088;10088;Mutuo;07/06/2026;15276,51;300;5,10;Richiesta;Acquisto immobile;0
41089;30089;10089;Prestito;08/06/2026;19727,11;24;6,40;Rifiutata;Liquidita personale;0
41090;30090;10090;Prestito;09/06/2026;21090,45;36;7,70;Richiesta;Liquidita personale;0
41091;30091;10091;Mutuo;10/06/2026;17357,91;240;9,00;Rifiutata;Acquisto immobile;0
41092;30092;10092;Prestito;11/06/2026;18568,06;60;10,30;Richiesta;Liquidita personale;0
41093;30093;10093;Prestito;12/06/2026;22565,94;24;3,10;Rifiutata;Liquidita personale;0
41094;30094;10094;Mutuo;13/06/2026;21208,12;180;4,40;Richiesta;Acquisto immobile;0
41095;30095;10095;Prestito;14/06/2026;13254,12;48;5,70;Rifiutata;Liquidita personale;0
41096;30096;10096;Prestito;15/06/2026;13802,10;60;7,00;Richiesta;Liquidita personale;0
41097;30097;10097;Mutuo;16/06/2026;21219,98;120;8,30;Rifiutata;Acquisto immobile;0
41098;30098;10098;Prestito;17/06/2026;21076,68;36;9,60;Richiesta;Liquidita personale;0
41099;30099;10099;Prestito;18/06/2026;24329,35;48;10,90;Rifiutata;Liquidita personale;0
41100;30100;10100;Mutuo;19/06/2026;19053,33;300;3,70;Richiesta;Acquisto immobile;0
41101;30101;10101;Prestito;20/06/2026;13992,50;24;5,00;Rifiutata;Liquidita personale;0
41102;30102;10102;Prestito;21/06/2026;19836,28;36;6,30;Richiesta;Liquidita personale;0
41103;30103;10103;Mutuo;22/06/2026;13685,34;240;7,60;Rifiutata;Acquisto immobile;0
41104;30104;10104;Prestito;23/06/2026;23388,00;60;8,90;Richiesta;Liquidita personale;0
41105;30105;10105;Prestito;24/06/2026;18714,55;24;10,20;Rifiutata;Liquidita personale;0
41106;30106;10106;Mutuo;25/06/2026;16283,69;180;3,00;Richiesta;Acquisto immobile;0
41107;30107;10107;Prestito;26/06/2026;14515,22;48;4,30;Rifiutata;Liquidita personale;0
41108;30108;10108;Prestito;27/06/2026;19298,24;60;5,60;Richiesta;Liquidita personale;0
41109;30109;10109;Mutuo;01/06/2026;14140,95;120;6,90;Rifiutata;Acquisto immobile;0
41110;30110;10110;Prestito;02/06/2026;18596,98;36;8,20;Richiesta;Liquidita personale;0
41111;30111;10111;Prestito;03/06/2026;16036,46;48;9,50;Rifiutata;Liquidita personale;0
41112;30112;10112;Mutuo;04/06/2026;12625,47;300;10,80;Richiesta;Acquisto immobile;0
41113;30113;10113;Prestito;05/06/2026;24401,46;24;3,60;Rifiutata;Liquidita personale;0
41114;30114;10114;Prestito;06/06/2026;16252,56;36;4,90;Richiesta;Liquidita personale;0
41115;30115;10115;Mutuo;07/06/2026;15943,02;240;6,20;Rifiutata;Acquisto immobile;0
41116;30116;10116;Prestito;08/06/2026;12103,19;60;7,50;Richiesta;Liquidita personale;0
41117;30117;10117;Prestito;09/06/2026;23111,94;24;8,80;Rifiutata;Liquidita personale;0
41118;30118;10118;Mutuo;10/06/2026;14413,61;180;10,10;Richiesta;Acquisto immobile;0
41119;30119;10119;Prestito;11/06/2026;18328,90;48;2,90;Rifiutata;Liquidita personale;0
41120;30120;10120;Prestito;12/06/2026;20359,11;60;4,20;Richiesta;Liquidita personale;0
41121;30121;10121;Mutuo;13/06/2026;19500,92;120;5,50;Rifiutata;Acquisto immobile;0
41122;30122;10122;Prestito;14/06/2026;15046,12;36;6,80;Richiesta;Liquidita personale;0
41123;30123;10123;Prestito;15/06/2026;23837,19;48;8,10;Rifiutata;Liquidita personale;0
41124;30124;10124;Mutuo;16/06/2026;20600,07;300;9,40;Richiesta;Acquisto immobile;0
41125;30125;10125;Prestito;17/06/2026;22802,59;24;10,70;Rifiutata;Liquidita personale;0
41126;30126;10126;Prestito;18/06/2026;13122,13;36;3,50;Richiesta;Liquidita personale;0
41127;30127;10127;Mutuo;19/06/2026;21602,62;240;4,80;Rifiutata;Acquisto immobile;0
41128;30128;10128;Prestito;20/06/2026;14104,19;60;6,10;Richiesta;Liquidita personale;0
41129;30129;10129;Prestito;21/06/2026;12185,11;24;7,40;Rifiutata;Liquidita personale;0
41130;30130;10130;Mutuo;22/06/2026;18735,20;180;8,70;Richiesta;Acquisto immobile;0
41131;30131;10131;Prestito;23/06/2026;16453,90;48;10,00;Rifiutata;Liquidita personale;0
41132;30132;10132;Prestito;24/06/2026;22852,38;60;2,80;Richiesta;Liquidita personale;0
41133;30133;10133;Mutuo;25/06/2026;23391,09;120;4,10;Rifiutata;Acquisto immobile;0
41134;30134;10134;Prestito;26/06/2026;18628,42;36;5,40;Richiesta;Liquidita personale;0
41135;30135;10135;Prestito;27/06/2026;21276,07;48;6,70;Rifiutata;Liquidita personale;0
41136;30136;10136;Mutuo;01/06/2026;21195,16;300;8,00;Richiesta;Acquisto immobile;0
41137;30137;10137;Prestito;02/06/2026;20241,94;24;9,30;Rifiutata;Liquidita personale;0
41138;30138;10138;Prestito;03/06/2026;19282,49;36;10,60;Richiesta;Liquidita personale;0
41139;30139;10139;Mutuo;04/06/2026;17023,70;240;3,40;Rifiutata;Acquisto immobile;0
41140;30140;10140;Prestito;05/06/2026;17146,56;60;4,70;Richiesta;Liquidita personale;0
41141;30141;10141;Prestito;06/06/2026;17380,42;24;6,00;Rifiutata;Liquidita personale;0
41142;30142;10142;Mutuo;07/06/2026;22122,66;180;7,30;Richiesta;Acquisto immobile;0
41143;30143;10143;Prestito;08/06/2026;19122,92;48;8,60;Rifiutata;Liquidita personale;0
41144;30144;10144;Prestito;09/06/2026;22106,76;60;9,90;Richiesta;Liquidita personale;0
41145;30145;10145;Mutuo;10/06/2026;23787,46;120;2,70;Rifiutata;Acquisto immobile;0
41146;30146;10146;Prestito;11/06/2026;13870,07;36;4,00;Richiesta;Liquidita personale;0
41147;30147;10147;Prestito;12/06/2026;16870,97;48;5,30;Rifiutata;Liquidita personale;0
41148;30148;10148;Mutuo;13/06/2026;17353,14;300;6,60;Richiesta;Acquisto immobile;0
41149;30149;10149;Prestito;14/06/2026;14665,23;24;7,90;Rifiutata;Liquidita personale;0
41150;30150;10150;Prestito;15/06/2026;15071,40;36;9,20;Richiesta;Liquidita personale;0
41151;30151;10151;Mutuo;16/06/2026;23762,64;240;10,50;Approvata;Acquisto immobile;1
41152;30152;10152;Prestito;17/06/2026;14003,18;60;3,30;Approvata;Liquidita personale;1
41153;30153;10153;Prestito;18/06/2026;22285,42;24;4,60;Approvata;Liquidita personale;1
41154;30154;10154;Mutuo;19/06/2026;21691,11;180;5,90;Approvata;Acquisto immobile;1
41155;30155;10155;Prestito;20/06/2026;18365,64;48;7,20;Approvata;Liquidita personale;1
41156;30156;10156;Prestito;21/06/2026;21724,39;60;8,50;Approvata;Liquidita personale;1
41157;30157;10157;Mutuo;22/06/2026;21692,21;120;9,80;Approvata;Acquisto immobile;1
41158;30158;10158;Prestito;23/06/2026;18137,12;36;2,60;Approvata;Liquidita personale;1
41159;30159;10159;Prestito;24/06/2026;13737,00;48;3,90;Approvata;Liquidita personale;1
41160;30160;10160;Mutuo;25/06/2026;16892,15;300;5,20;Approvata;Acquisto immobile;1
41161;30161;10161;Prestito;26/06/2026;12316,13;24;6,50;Approvata;Liquidita personale;1
41162;30162;10162;Prestito;27/06/2026;13707,49;36;7,80;Approvata;Liquidita personale;1
41163;30163;10163;Mutuo;01/06/2026;16467,29;240;9,10;Approvata;Acquisto immobile;1
41164;30164;10164;Prestito;02/06/2026;14115,37;60;10,40;Approvata;Liquidita personale;1
41165;30165;10165;Prestito;03/06/2026;20757,12;24;3,20;Approvata;Liquidita personale;1
41166;30166;10166;Mutuo;04/06/2026;17829,36;180;4,50;Approvata;Acquisto immobile;1
41167;30167;10167;Prestito;05/06/2026;14241,03;48;5,80;Approvata;Liquidita personale;1
41168;30168;10168;Prestito;06/06/2026;21056,85;60;7,10;Approvata;Liquidita personale;1
41169;30169;10169;Mutuo;07/06/2026;20024,49;120;8,40;Approvata;Acquisto immobile;1
41170;30170;10170;Prestito;08/06/2026;20676,91;36;9,70;Approvata;Liquidita personale;1
41171;30171;10171;Prestito;09/06/2026;17523,38;48;2,50;Approvata;Liquidita personale;1
41172;30172;10172;Mutuo;10/06/2026;22822,89;300;3,80;Approvata;Acquisto immobile;1
41173;30173;10173;Prestito;11/06/2026;18434,21;24;5,10;Approvata;Liquidita personale;1
41174;30174;10174;Prestito;12/06/2026;16479,32;36;6,40;Approvata;Liquidita personale;1
41175;30175;10175;Mutuo;13/06/2026;22599,15;240;7,70;Approvata;Acquisto immobile;1
41176;30176;10176;Prestito;14/06/2026;23746,53;60;9,00;Approvata;Liquidita personale;1
41177;30177;10177;Prestito;15/06/2026;14943,41;24;10,30;Approvata;Liquidita personale;1
41178;30178;10178;Mutuo;16/06/2026;22363,51;180;3,10;Approvata;Acquisto immobile;1
41179;30179;10179;Prestito;17/06/2026;14148,19;48;4,40;Approvata;Liquidita personale;1
41180;30180;10180;Prestito;18/06/2026;20974,56;60;5,70;Approvata;Liquidita personale;1
41181;30181;10181;Mutuo;19/06/2026;22088,06;120;7,00;Approvata;Acquisto immobile;1
41182;30182;10182;Prestito;20/06/2026;19895,19;36;8,30;Approvata;Liquidita personale;1
41183;30183;10183;Prestito;21/06/2026;21390,57;48;9,60;Approvata;Liquidita personale;1
41184;30184;10184;Mutuo;22/06/2026;18592,20;300;10,90;Approvata;Acquisto immobile;1
41185;30185;10185;Prestito;23/06/2026;23209,89;24;3,70;Approvata;Liquidita personale;1
41186;30186;10186;Prestito;24/06/2026;16122,29;36;5,00;Approvata;Liquidita personale;1
41187;30187;10187;Mutuo;25/06/2026;19345,09;240;6,30;Approvata;Acquisto immobile;1
41188;30188;10188;Prestito;26/06/2026;21598,94;60;7,60;Approvata;Liquidita personale;1
41189;30189;10189;Prestito;27/06/2026;19450,31;24;8,90;Approvata;Liquidita personale;1
41190;30190;10190;Mutuo;01/06/2026;19670,65;180;10,20;Approvata;Acquisto immobile;1
41191;30191;10191;Prestito;02/06/2026;16839,10;48;3,00;Approvata;Liquidita personale;1
41192;30192;10192;Prestito;03/06/2026;17004,09;60;4,30;Approvata;Liquidita personale;1
41193;30193;10193;Mutuo;04/06/2026;18877,63;120;5,60;Approvata;Acquisto immobile;1
41194;30194;10194;Prestito;05/06/2026;21506,49;36;6,90;Approvata;Liquidita personale;1
41195;30195;10195;Prestito;06/06/2026;18793,09;48;8,20;Approvata;Liquidita personale;1
41196;30196;10196;Mutuo;07/06/2026;22707,06;300;9,50;Approvata;Acquisto immobile;1
41197;30197;10197;Prestito;08/06/2026;13470,35;24;10,80;Approvata;Liquidita personale;1
41198;30198;10198;Prestito;09/06/2026;16228,57;36;3,60;Approvata;Liquidita personale;1
41199;30199;10199;Mutuo;10/06/2026;24193,09;240;4,90;Approvata;Acquisto immobile;1
41200;30200;10200;Prestito;11/06/2026;14331,61;60;6,20;Approvata;Liquidita personale;1
